DTVF;510;21;Buchungsstapel;7;2,02E+16;;RE;admin;;465239;1001;20160101;4;20160101;20161231;;ad;1;0;0;EUR;;KP;;59458;4;;;;;;;;;;;;;;;;;;;;;;;;;;;;;;;;;;;;;;;;;;;;;;;;;;;;;;;;;;;;;;;;;;;;;;;;;;;;;;;;;;;;;;;;;
Umsatz (ohne Soll/Haben-Kz);Soll/Haben-Kennzeichen;WKZ Umsatz;Kurs;Basis-Umsatz;WKZ Basis-Umsatz;Konto;Gegenkonto (ohne BU-Schlüssel);BU-Schlüssel;Belegdatum;Belegfeld 1;Belegfeld 2;Skonto;Buchungstext;Postensperre;Diverse Adressnummer;Geschäftspartnerbank;Sachverhalt;Zinssperre;Beleglink;Beleginfo - Art 1;Beleginfo - Inhalt 1;Beleginfo - Art 2;Beleginfo - Inhalt 2;Beleginfo - Art 3;Beleginfo - Inhalt 3;Beleginfo - Art 4;Beleginfo - Inhalt 4;Beleginfo - Art 5;Beleginfo - Inhalt 5;Beleginfo - Art 6;Beleginfo - Inhalt 6;Beleginfo - Art 7;Beleginfo - Inhalt 7;Beleginfo - Art 8;Beleginfo - Inhalt 8;KOST1 - Kostenstelle;KOST2 - Kostenstelle;Kost-Menge;EU-Land u. UStID;EU-Steuersatz;Abw. Versteuerungsart;Sachverhalt L+L;Funktionsergänzung L+L;BU 49 Hauptfunktionstyp;BU 49 Hauptfunktionsnummer;BU 49 Funktionsergänzung;Zusatzinformation - Art 1;Zusatzinformation- Inhalt 1;Zusatzinformation - Art 2;Zusatzinformation- Inhalt 2;Zusatzinformation - Art 3;Zusatzinformation- Inhalt 3;Zusatzinformation - Art 4;Zusatzinformation- Inhalt 4;Zusatzinformation - Art 5;Zusatzinformation- Inhalt 5;Zusatzinformation - Art 6;Zusatzinformation- Inhalt 6;Zusatzinformation - Art 7;Zusatzinformation- Inhalt 7;Zusatzinformation - Art 8;Zusatzinformation- Inhalt 8;Zusatzinformation - Art 9;Zusatzinformation- Inhalt 9;Zusatzinformation - Art 10;Zusatzinformation- Inhalt 10;Zusatzinformation - Art 11;Zusatzinformation- Inhalt 11;Zusatzinformation - Art 12;Zusatzinformation- Inhalt 12;Zusatzinformation - Art 13;Zusatzinformation- Inhalt 13;Zusatzinformation - Art 14;Zusatzinformation- Inhalt 14;Zusatzinformation - Art 15;Zusatzinformation- Inhalt 15;Zusatzinformation - Art 16;Zusatzinformation- Inhalt 16;Zusatzinformation - Art 17;Zusatzinformation- Inhalt 17;Zusatzinformation - Art 18;Zusatzinformation- Inhalt 18;Zusatzinformation - Art 19;Zusatzinformation- Inhalt 19;Zusatzinformation - Art 20;Zusatzinformation- Inhalt 20;Stück;Gewicht;Zahlweise;Forderungsart;Veranlagungsjahr;Zugeordnete Fälligkeit;Skontotyp;Auftragsnummer;Buchungstyp;USt-Schlüssel (Anzahlungen);EU-Land (Anzahlungen);Sachverhalt L+L (Anzahlungen);EU-Steuersatz (Anzahlungen);Erlöskonto (Anzahlungen);Herkunft-Kz;Buchungs GUID;KOST-Datum;SEPA-Mandatsreferenz;Skontosperre;Gesellschaftername;Beteiligtennummer;Identifikationsnummer;Zeichnernummer;Postensperre bis;Bezeichnung SoBil-Sachverhalt;Kennzeichen SoBil-Buchung;Festschreibung;Leistungsdatum;Datum Zuord. Steuerperiode
112,87;H;;;;;5400;70001;;3112;2015-011a;;;GS Brunnberg;;;;;;"BEDI ""C64D6088-F605-1133-1F34-C449A323D2C4""";;;;;;;;;;;;;;;;;;;;;;;;;;;;;;;;;;;;;;;;;;;;;;;;;;;;;;;;;;;;;;;;;;;;;;;;;;;;;0;;;;0;RE;3ba139e4-d416-48b0-9016-2de7e5352704;;;0;;;;;;;;0;;
449,82;S;;;;;6335;70002;9;1404;4122;;;Instandhaltung Büro;;;;;;"BEDI ""0E5C656F-C9BE-9356-627B-5BBF78A3DF8A""";;;;;;;;;;;;;;;;;;;;;;;;;;;;;;;;;;;;;;;;;;;;;;;;;;;;;;;;;;;;;;;;;;;;;;;;;;;;;0;;;;0;RE;4df0b14c-e2a9-4387-ac06-1fbf5afab3a4;;;0;;;;;;;;0;;
2448,12;S;;;;;6450;70004;9;401;FI2016010405;;;Instandhaltung Werkstatt;;;;;;"BEDI ""EFFDDF69-95BF-DE87-4E75-52C5C831F60A""";;;;;;;;;;;;;;;;;;;;;;;;;;;;;;;;;;;;;;;;;;;;;;;;;;;;;;;;;;;;;;;;;;;;;;;;;;;;;0;;;;0;RE;284cc659-43f2-49e4-862d-bb5f84c6d0a3;;;0;;;;;;;;0;;
2733,43;S;;;;;5400;70005;;2802;16616022803;;;;;;;;;"BEDI ""D41168A5-3784-08B5-8830-9CD615028A0B""";;;;;;;;;;;;;;;;;;;;;;;;;;;;;;;;;;;;;;;;;;;;;;;;;;;;;;;;;;;;;;;;;;;;;;;;;;;;;0;;;;0;RE;8803a6d9-65c2-46c5-95d9-683921bf3889;;;0;;;;;;;;0;;
236,69;S;;;;;6825;70006;9;3101;16616022803;;;StB;;;;;;"BEDI ""3962183D-5ABF-B01C-55FC-8D87C3C7FAEC""";;;;;;;;;;;;;;;;;;;;;;;;;;;;;;;;;;;;;;;;;;;;;;;;;;;;;;;;;;;;;;;;;;;;;;;;;;;;;0;;;;0;RE;605b56ee-f9fa-462d-be92-162ccb093463;;;0;;;;;;;;0;;
149,9;S;;;;;6670;70000;9;1304;451;;;Hotel Bergblick;;;;;;"BEDI ""789C1C53-1471-17B3-DDB3-1EF679DCA468""";;;;;;;;;;;;;;;;;;;;;;;;;;;;;;;;;;;;;;;;;;;;;;;;;;;;;;;;;;;;;;;;;;;;;;;;;;;;;0;;;;0;RE;25459fae-25d8-4db6-8ae2-9d06c65bbf63;;;0;;;;;;;;0;;
260;S;;;;;6670;70000;8;1304;451;;;Hotel Bergblick;;;;;;"BEDI ""789C1C53-1471-17B3-DDB3-1EF679DCA468""";;;;;;;;;;;;;;;;;;;;;;;;;;;;;;;;;;;;;;;;;;;;;;;;;;;;;;;;;;;;;;;;;;;;;;;;;;;;;0;;;;0;RE;b219ac12-6496-4199-adba-a2e13d9fdc65;;;0;;;;;;;;0;;
10;S;;;;;6670;70000;;1304;451;;;Hotel Bergblick;;;;;;"BEDI ""789C1C53-1471-17B3-DDB3-1EF679DCA468""";;;;;;;;;;;;;;;;;;;;;;;;;;;;;;;;;;;;;;;;;;;;;;;;;;;;;;;;;;;;;;;;;;;;;;;;;;;;;0;;;;0;RE;22bb3e60-fc96-41cb-ab6f-bfda5f78c655;;;0;;;;;;;;0;;
759,22;S;;;;;6845;70007;9;1301;1601/123;;;Material;;;;;;"BEDI ""96F2F4C5-9448-AFD8-4129-C7C75020520A""";;;;;;;;;;;;;;;;;;;;;;;;;;;;;;;;;;;;;;;;;;;;;;;;;;;;;;;;;;;;;;;;;;;;;;;;;;;;;0;;;;0;RE;c53b2d55-2ee0-4e61-971c-e63baafae568;;;0;;;;;;;;0;;
143;S;;;;;6650;70008;8;1404;160413812;;;Hotel AN;;;;;;"BEDI ""4E6CA021-D88C-133E-0EE4-44C84148BA7C""";;;;;;;;;;;;;;;;;;;;;;;;;;;;;;;;;;;;;;;;;;;;;;;;;;;;;;;;;;;;;;;;;;;;;;;;;;;;;0;;;;0;RE;1e4b241a-cb71-4a2c-a39f-a8ec5f350f55;;;0;;;;;;;;0;;
110,59;S;;;;;6650;70008;9;1404;160413812;;;Hotel AN;;;;;;"BEDI ""4E6CA021-D88C-133E-0EE4-44C84148BA7C""";;;;;;;;;;;;;;;;;;;;;;;;;;;;;;;;;;;;;;;;;;;;;;;;;;;;;;;;;;;;;;;;;;;;;;;;;;;;;0;;;;0;RE;3e416c37-17a6-47f5-a00c-8477e6c86ec1;;;0;;;;;;;;0;;
46,41;S;;;;;6470;70009;9;111;151101-13;;;Instandhaltung Werkstatt;;;;;;"BEDI ""397C29D4-4F41-AFB2-EB77-FE47773769C0""";;;;;;;;;;;;;;;;;;;;;;;;;;;;;;;;;;;;;;;;;;;;;;;;;;;;;;;;;;;;;;;;;;;;;;;;;;;;;0;;;;0;RE;6efea95b-a9b6-4ac1-9c44-2801a9bb05d4;;;0;;;;;;;;0;;
104;S;;;;;6570;70010;;511;K11223337799;;;Kfz-Steuer;;;;;;"BEDI ""CD02FBA9-5B0D-9D31-93B3-ED0E6874429E""";;;;;;;;;;;;;;;;;;;;;;;;;;;;;;;;;;;;;;;;;;;;;;;;;;;;;;;;;;;;;;;;;;;;;;;;;;;;;0;;;;0;RE;b7f738a5-7a8f-47f7-bf8b-9c6703fd04db;;;0;;;;;;;;0;;
738,83;S;;;;;6520;70011;;711;K11223337799;;;Kfz-Versicherung;;;;;;"BEDI ""5852B918-E254-B9DF-58B6-8B23628D2187""";;;;;;;;;;;;;;;;;;;;;;;;;;;;;;;;;;;;;;;;;;;;;;;;;;;;;;;;;;;;;;;;;;;;;;;;;;;;;0;;;;0;RE;5bfcc7e7-cb89-4012-afbb-ae73099c7cd0;;;0;;;;;;;;0;;
1330,17;S;;;;;6490;70012;9;301;36589;;;Instandhaltung Laden;;;;;;"BEDI ""16AE4471-AB87-A48D-5E15-E41E8F3F7AC5""";;;;;;;;;;;;;;;;;;;;;;;;;;;;;;;;;;;;;;;;;;;;;;;;;;;;;;;;;;;;;;;;;;;;;;;;;;;;;0;;;;0;RE;f14a0197-fd75-4c1c-bf9d-4e899d2812fd;;;0;;;;;;;;0;;
627;S;;;;;7610;70013;;311;36589;;;Gewerbesteuer;;;;;;"BEDI ""EDD76FFE-4637-C710-9E64-AC4F6913A694""";;;;;;;;;;;;;;;;;;;;;;;;;;;;;;;;;;;;;;;;;;;;;;;;;;;;;;;;;;;;;;;;;;;;;;;;;;;;;0;;;;0;RE;3929d031-b064-469a-a01a-1f9ebd5c039b;;;0;;;;;;;;0;;
280;S;;;;;6670;70014;8;2701;1414/27012;;;Reisekosten UN;;;;;;"BEDI ""5833374A-D57A-54D1-76FD-72572B41C00D""";;;;;;;;;;;;;;;;;;;;;;;;;;;;;;;;;;;;;;;;;;;;;;;;;;;;;;;;;;;;;;;;;;;;;;;;;;;;;0;;;;0;RE;b6e00234-b84a-4d74-8334-129a8ab95ce9;;;0;;;;;;;;0;;
76;S;;;;;6820;70015;8;806;1414/27012;;;Literatur;;;;;;"BEDI ""62779980-3113-6A38-F24B-636268A34854""";;;;;;;;;;;;;;;;;;;;;;;;;;;;;;;;;;;;;;;;;;;;;;;;;;;;;;;;;;;;;;;;;;;;;;;;;;;;;0;;;;0;RE;5c7f97d7-fadd-4ab2-a4f6-e8499fa18642;;;0;;;;;;;;0;;
746,49;S;;;;;670;70016;9;3003;123123;;;Taschenradio;;;;;;"BEDI ""DAC037D9-4015-4532-E082-D7012B07417E""";;;;;;;;;;;;;;;;;;;;;;;;;;;;;;;;;;;;;;;;;;;;;;;;;;;;;;;;;;;;;;;;;;;;;;;;;;;;;0;;;;0;RE;a0ee7754-e113-46c5-9626-414a6160dc96;;;0;;;;;;;;0;;
41,68;S;;;;;6820;70017;8;2904;76128361237;;;Fachliteratur;;;;;;"BEDI ""EE52B5D7-FA7B-AD83-246B-E626A2476A1D""";;;;;;;;;;;;;;;;;;;;;;;;;;;;;;;;;;;;;;;;;;;;;;;;;;;;;;;;;;;;;;;;;;;;;;;;;;;;;0;;;;0;RE;2bc58938-3009-4d08-bd7c-1c14b31b904a;;;0;;;;;;;;0;;
224;S;;;;;5400;70018;;1105;DX29312386;;;;;;;;;"BEDI ""2B81A79A-A7F1-A76A-04DA-433B38699FC5""";;;;;;;;;;;;;;;;;;;;;;;;;;;;;;;;;;;;;;;;;;;;;;;;;;;;;;;;;;;;;;;;;;;;;;;;;;;;;0;;;;0;RE;758bf919-2950-45bb-9d1c-6d860568999e;;;0;;;;;;;;0;;
1828,44;S;;;;;6450;70004;;102;383659;;;;;;;;;"BEDI ""51166FDD-1B7E-6DEE-0BF2-E05FA447F43D""";;;;;;;;;;;;;;;;;;;;;;;;;;;;;;;;;;;;;;;;;;;;;;;;;;;;;;;;;;;;;;;;;;;;;;;;;;;;;0;;;;0;RE;1b7729aa-0757-4841-a271-548d77d401b5;;;0;;;;;;;;0;;
46,41;S;;;;;6485;70019;9;1403;1913933;;;;;;;;;"BEDI ""A23FCE38-13EC-D759-BE2B-D573819F8F22""";;;;;;;;;;;;;;;;;;;;;;;;;;;;;;;;;;;;;;;;;;;;;;;;;;;;;;;;;;;;;;;;;;;;;;;;;;;;;0;;;;0;RE;22de7d36-e57a-4dfe-a3d5-534a6338dfc7;;;0;;;;;;;;0;;
424,9;S;;;;;6670;70020;9;2001;451;;;;;;;;;"BEDI ""7A719A01-EBF7-A735-682C-C442E83CF420""";;;;;;;;;;;;;;;;;;;;;;;;;;;;;;;;;;;;;;;;;;;;;;;;;;;;;;;;;;;;;;;;;;;;;;;;;;;;;0;;;;0;RE;a01f17cc-dae6-4583-9c3c-a6d34ee8b80b;;;0;;;;;;;;0;;
1505;S;;;;;5200;70021;;2003;1237807-712;;;;;;;;;"BEDI ""CE16DD22-63B3-A84B-F24C-3B9FAAFADEC8""";;;;;;;;;;;;;;;;;;;;;;;;;;;;;;;;;;;;;;;;;;;;;;;;;;;;;;;;;;;;;;;;;;;;;;;;;;;;;0;;;;0;RE;c0acf0d0-1c35-43f3-9824-2d56a60f8e0d;;;0;;;;;;;;0;;
120;S;;;;;6670;70014;9;3001;1338/27012;;;;;;;;;"BEDI ""8F013B2F-6110-CB97-AC20-AFD0E03A696A""";;;;;;;;;;;;;;;;;;;;;;;;;;;;;;;;;;;;;;;;;;;;;;;;;;;;;;;;;;;;;;;;;;;;;;;;;;;;;0;;;;0;RE;538764df-cab3-4c59-9cf8-558f4d421a61;;;0;;;;;;;;0;;
46,41;S;;;;;6490;70023;9;1704;112133;;;;;;;;;"BEDI ""FBA4FAEB-9612-E449-7667-3E7212C807FA""";;;;;;;;;;;;;;;;;;;;;;;;;;;;;;;;;;;;;;;;;;;;;;;;;;;;;;;;;;;;;;;;;;;;;;;;;;;;;0;;;;0;RE;bdda4aae-d00e-4654-b246-97d47e34fd17;;;0;;;;;;;;0;;
273,7;S;;;;;6450;70024;9;105;11-04-0020;;;;;;;;;"BEDI ""2EAE5187-3211-ED01-F929-905622DCAE32""";;;;;;;;;;;;;;;;;;;;;;;;;;;;;;;;;;;;;;;;;;;;;;;;;;;;;;;;;;;;;;;;;;;;;;;;;;;;;0;;;;0;RE;5b6a71bc-dcc7-45c1-82a7-a613eec19953;;;0;;;;;;;;0;;
424,9;S;;;;;6670;70025;9;1304;451;;;;;;;;;"BEDI ""1B48E353-B7A4-5C17-F61D-F86DDE8AE711""";;;;;;;;;;;;;;;;;;;;;;;;;;;;;;;;;;;;;;;;;;;;;;;;;;;;;;;;;;;;;;;;;;;;;;;;;;;;;0;;;;0;RE;1dd8d9d5-a065-44be-8ff9-6631bf709d68;;;0;;;;;;;;0;;
1330,17;S;;;;;6498;70026;9;302;36589;;;;;;;;;"BEDI ""A238FB73-D90D-F356-29D1-D9C1A5127859""";;;;;;;;;;;;;;;;;;;;;;;;;;;;;;;;;;;;;;;;;;;;;;;;;;;;;;;;;;;;;;;;;;;;;;;;;;;;;0;;;;0;RE;3d9ab30c-f754-40ba-8a4e-41b3a4ef1424;;;0;;;;;;;;0;;
273,7;S;;;;;6490;70027;9;1304;02-04-0021;;;;;;;;;"BEDI ""4EA433A2-41F3-2954-EEAD-F6F27FFCFCEE""";;;;;;;;;;;;;;;;;;;;;;;;;;;;;;;;;;;;;;;;;;;;;;;;;;;;;;;;;;;;;;;;;;;;;;;;;;;;;0;;;;0;RE;5c06d944-e5e3-4265-bfac-785ca4b7e39c;;;0;;;;;;;;0;;
273,7;S;;;;;6490;70028;9;1205;02-04-0020;;;;;;;;;"BEDI ""F5B6F601-7631-0A1A-7AB5-BA0666C1D4DE""";;;;;;;;;;;;;;;;;;;;;;;;;;;;;;;;;;;;;;;;;;;;;;;;;;;;;;;;;;;;;;;;;;;;;;;;;;;;;0;;;;0;RE;9ca5cf39-6ffd-48be-937c-f410ed661872;;;0;;;;;;;;0;;
424,9;S;;;;;6670;70000;9;2304;451;;;Hütte Bergblick;;;;;;"BEDI ""1A31D5E4-BEE6-359E-C608-8A4EFFFDF72A""";;;;;;;;;;;;;;;;;;;;;;;;;;;;;;;;;;;;;;;;;;;;;;;;;;;;;;;;;;;;;;;;;;;;;;;;;;;;;0;;;;0;RE;a967d88b-1b37-4c95-874a-498e5e45fc32;;;0;;;;;;;;0;;
1330,17;S;;;;;6450;70104;;1105;36589;;;Zapf;;;;;;"BEDI ""D24D4B9B-067A-32E7-B4DA-D8AAFD70385E""";;;;;;;;;;;;;;;;;;;;;;;;;;;;;;;;;;;;;;;;;;;;;;;;;;;;;;;;;;;;;;;;;;;;;;;;;;;;;0;;;;0;RE;d69a51cc-d221-46bf-8cb6-2b8a5aa83634;;;0;;;;;;;;0;;
36,41;S;;;;;6820;70034;9;2001;DHIldh2Nbc0;;;Kalender;;;;;;"BEDI ""91195FBF-FECC-3498-82DD-260985AAD1DB""";;;;;;;;;;;;;;;;;;;;;;;;;;;;;;;;;;;;;;;;;;;;;;;;;;;;;;;;;;;;;;;;;;;;;;;;;;;;;0;;;;0;RE;3fb8e697-284c-49b3-9688-9c399232e6b0;;;0;;;;;;;;0;;
5,35;S;;;;;6820;70034;8;2001;DHIldh2Nbc0;;;Kalender;;;;;;"BEDI ""91195FBF-FECC-3498-82DD-260985AAD1DB""";;;;;;;;;;;;;;;;;;;;;;;;;;;;;;;;;;;;;;;;;;;;;;;;;;;;;;;;;;;;;;;;;;;;;;;;;;;;;0;;;;0;RE;5648391f-e0dc-4f3c-bb54-d1bc50e4399f;;;0;;;;;;;;0;;
41,68;S;;;;;6820;70029;8;2104;76128361237;;;;;;;;;"BEDI ""029171B8-6F2D-30BC-2724-1572556623DB""";;;;;;;;;;;;;;;;;;;;;;;;;;;;;;;;;;;;;;;;;;;;;;;;;;;;;;;;;;;;;;;;;;;;;;;;;;;;;0;;;;0;RE;752ab9cf-71c5-4ce6-a8c4-372dd66941cf;;;0;;;;;;;;0;;
794,72;S;;;;;5403;70030;;1103;471232;;;;;;;;;"BEDI ""A7A89EAD-4681-86AF-A6ED-42999E6A2E99""";;;;;;;;;;;;;;;;;;;;;;;;;;;;;;;;;;;;;;;;;;;;;;;;;;;;;;;;;;;;;;;;;;;;;;;;;;;;;0;;;;0;RE;b7164daa-1196-462f-8bfb-6f01d6a38895;;;0;;;;;;;;0;;
1505;S;;;;;5200;70032;;104;1237807-712;;;;;;;;;"BEDI ""A37275E8-8873-B848-6276-980DE8694043""";;;;;;;;;;;;;;;;;;;;;;;;;;;;;;;;;;;;;;;;;;;;;;;;;;;;;;;;;;;;;;;;;;;;;;;;;;;;;0;;;;0;RE;a868ce60-9968-4eeb-8964-a1c9b8d19eb3;;;0;;;;;;;;0;;
1330,17;S;;;;;6470;70033;9;303;36589;;;;;;;;;"BEDI ""02C2ADE8-2D14-D2CA-857A-A1A606320FBA""";;;;;;;;;;;;;;;;;;;;;;;;;;;;;;;;;;;;;;;;;;;;;;;;;;;;;;;;;;;;;;;;;;;;;;;;;;;;;0;;;;0;RE;006334f4-c424-4759-beb0-6e8efef60948;;;0;;;;;;;;0;;
746,49;S;;;;;5401;70035;;102;123123;;;;;;;;;"BEDI ""7E8B91AA-D2B6-A647-4C2D-0AE6B985B863""";;;;;;;;;;;;;;;;;;;;;;;;;;;;;;;;;;;;;;;;;;;;;;;;;;;;;;;;;;;;;;;;;;;;;;;;;;;;;0;;;;0;RE;aeb1a56f-80db-490b-9d03-72a5130982a9;;;0;;;;;;;;0;;
36,41;S;;;;;6820;70034;9;2001;DHIldh2Nbc0;;;Kalender;;;;;;"BEDI ""91195FBF-FECC-3498-82DD-260985AAD1DA""";;;;;;;;;;;;;;;;;;;;;;;;;;;;;;;;;;;;;;;;;;;;;;;;;;;;;;;;;;;;;;;;;;;;;;;;;;;;;0;;;;0;RE;3fb8e697-284c-49b3-9688-9c399232e6b0;;;0;;;;;;;;0;;
5,35;S;;;;;6820;70034;8;2001;DHIldh2Nbc0;;;Kalender;;;;;;"BEDI ""91195FBF-FECC-3498-82DD-260985AAD1DA""";;;;;;;;;;;;;;;;;;;;;;;;;;;;;;;;;;;;;;;;;;;;;;;;;;;;;;;;;;;;;;;;;;;;;;;;;;;;;0;;;;0;RE;5648391f-e0dc-4f3c-bb54-d1bc50e4399f;;;0;;;;;;;;0;;
41,68;S;;;;;6820;70036;8;102;76128361237;;;Bücher;;;;;;"BEDI ""3C96EBEB-CD54-1B40-DF88-C699829690AC""";;;;;;;;;;;;;;;;;;;;;;;;;;;;;;;;;;;;;;;;;;;;;;;;;;;;;;;;;;;;;;;;;;;;;;;;;;;;;0;;;;0;RE;21aef1a3-6ecf-4b78-9005-75fe10bcdea1;;;0;;;;;;;;0;;
1330,17;S;;;;;6450;70037;9;403;36589;;;Rep. Fenster;;;;;;"BEDI ""7C025B61-FC4A-3B66-CF75-419C78E1C2A6""";;;;;;;;;;;;;;;;;;;;;;;;;;;;;;;;;;;;;;;;;;;;;;;;;;;;;;;;;;;;;;;;;;;;;;;;;;;;;0;;;;0;RE;8d92020c-6817-42ab-8145-1c4de86ac596;;;0;;;;;;;;0;;
30,98;S;;;;;6820;70038;8;303;76128361237;;;Bücher;;;;;;"BEDI ""5D0938D6-005B-50C3-2EBF-CE98837ECA8D""";;;;;;;;;;;;;;;;;;;;;;;;;;;;;;;;;;;;;;;;;;;;;;;;;;;;;;;;;;;;;;;;;;;;;;;;;;;;;0;;;;0;RE;59717ba2-a718-44dc-9e6e-090f32a41542;;;0;;;;;;;;0;;
224;S;;;;;5400;70039;;1103;DX29312386;;;;;;;;;"BEDI ""40666D8B-7E85-508D-DDEE-FB24A955E371""";;;;;;;;;;;;;;;;;;;;;;;;;;;;;;;;;;;;;;;;;;;;;;;;;;;;;;;;;;;;;;;;;;;;;;;;;;;;;0;;;;0;RE;c0347385-7400-4a54-ae21-4aca73253dbe;;;0;;;;;;;;0;;
1828,44;S;;;;;6450;70040;9;805;383659;;;Dachziegel;;;;;;"BEDI ""14F961D8-7683-87E4-E71A-E92CF33C2A9B""";;;;;;;;;;;;;;;;;;;;;;;;;;;;;;;;;;;;;;;;;;;;;;;;;;;;;;;;;;;;;;;;;;;;;;;;;;;;;0;;;;0;RE;d6e055af-7993-4164-a234-7be394b360b8;;;0;;;;;;;;0;;
1330,17;S;;;;;6450;70041;9;103;36589;;;Fenster;;;;;;"BEDI ""7C9431F2-A815-148A-AEDF-1A967361AF94""";;;;;;;;;;;;;;;;;;;;;;;;;;;;;;;;;;;;;;;;;;;;;;;;;;;;;;;;;;;;;;;;;;;;;;;;;;;;;0;;;;0;RE;7349503d-ecbd-4ed7-8ad8-3dbc7a44831a;;;0;;;;;;;;0;;
746,49;S;;;;;5401;70042;;1010;SB01-151010;;;;;;;;;"BEDI ""60EF52C1-C062-06F3-A6B6-1283933E0670""";;;;;;;;;;;;;;;;;;;;;;;;;;;;;;;;;;;;;;;;;;;;;;;;;;;;;;;;;;;;;;;;;;;;;;;;;;;;;0;;;;0;RE;50ab3311-ebc1-4cc4-9736-35a203015fbb;;;0;;;;;;;;0;;
1828,44;S;;;;;6450;70072;9;901;383659;;;Ziegel;;;;;;"BEDI ""9C357CC2-958C-5467-CA04-D69C5B1E9E3B""";;;;;;;;;;;;;;;;;;;;;;;;;;;;;;;;;;;;;;;;;;;;;;;;;;;;;;;;;;;;;;;;;;;;;;;;;;;;;0;;;;0;RE;971c6dce-eb73-46a0-b06a-46cce43cd355;;;0;;;;;;;;0;;
46,41;S;;;;;6470;70043;9;2904;1912311;;;Ablaufrohr;;;;;;"BEDI ""4C86FB4C-72EA-F2E4-19C5-AD005A2D6CFB""";;;;;;;;;;;;;;;;;;;;;;;;;;;;;;;;;;;;;;;;;;;;;;;;;;;;;;;;;;;;;;;;;;;;;;;;;;;;;0;;;;0;RE;9be94151-8794-4062-bac8-476b463ec372;;;0;;;;;;;;0;;
746,49;S;;;;;5401;70044;;1602;123123;;;;;;;;;"BEDI ""6D1A909D-7532-AE96-5575-2125F6AD21EF""";;;;;;;;;;;;;;;;;;;;;;;;;;;;;;;;;;;;;;;;;;;;;;;;;;;;;;;;;;;;;;;;;;;;;;;;;;;;;0;;;;0;RE;745224a9-d7b9-4891-a635-8b2af0e91bf7;;;0;;;;;;;;0;;
41,68;S;;;;;6820;70045;8;205;76128361237;;;Bücher;;;;;;"BEDI ""F3CDAC6C-C0AB-76C5-6C6A-5CF7D8A5B649""";;;;;;;;;;;;;;;;;;;;;;;;;;;;;;;;;;;;;;;;;;;;;;;;;;;;;;;;;;;;;;;;;;;;;;;;;;;;;0;;;;0;RE;2ebc228d-93cc-4e4b-8458-54d9c175fe0f;;;0;;;;;;;;0;;
224;S;;;;;5400;70046;;1102;DX29312386;;;;;;;;;"BEDI ""3B86AC24-445C-95A3-330D-1A867E19B012""";;;;;;;;;;;;;;;;;;;;;;;;;;;;;;;;;;;;;;;;;;;;;;;;;;;;;;;;;;;;;;;;;;;;;;;;;;;;;0;;;;0;RE;e45651ee-51c8-4fbd-b515-e621b9b8746f;;;0;;;;;;;;0;;
46,41;S;;;;;6470;70047;9;202;1912333;;;Ablaufrohr;;;;;;"BEDI ""80AB1D33-0EFB-C7EE-BA4F-3664475762D3""";;;;;;;;;;;;;;;;;;;;;;;;;;;;;;;;;;;;;;;;;;;;;;;;;;;;;;;;;;;;;;;;;;;;;;;;;;;;;0;;;;0;RE;7915943a-5a9a-401f-82e1-bb035a48ab0b;;;0;;;;;;;;0;;
155;S;;;;;5200;70048;;105;12345;;;;;;;;;"BEDI ""67A11C93-F67D-A4C0-FE5E-80EF19B43BE4""";;;;;;;;;;;;;;;;;;;;;;;;;;;;;;;;;;;;;;;;;;;;;;;;;;;;;;;;;;;;;;;;;;;;;;;;;;;;;0;;;;0;RE;78c3a25d-c005-45a2-a861-4394d8ad6234;;;0;;;;;;;;0;;
273,7;S;;;;;6450;70049;9;1104;02-04-0020;;;Malerarbeiten;;;;;;"BEDI ""9E31447B-BD03-AFC5-D75F-920706C1BC49""";;;;;;;;;;;;;;;;;;;;;;;;;;;;;;;;;;;;;;;;;;;;;;;;;;;;;;;;;;;;;;;;;;;;;;;;;;;;;0;;;;0;RE;f903923e-28a2-4f7c-ac16-8eb597b55dc7;;;0;;;;;;;;0;;
46,41;S;;;;;6450;70050;9;103;191113;;;;;;;;;"BEDI ""92E00CE4-DB8D-765F-1B14-30BD8DC9A831""";;;;;;;;;;;;;;;;;;;;;;;;;;;;;;;;;;;;;;;;;;;;;;;;;;;;;;;;;;;;;;;;;;;;;;;;;;;;;0;;;;0;RE;94a169b5-54c3-4312-ae24-95d4decdb2b2;;;0;;;;;;;;0;;
1505;S;;;;;5200;70051;;105;1237807-712;;;;;;;;;"BEDI ""45146A3A-DAE9-1D47-7B41-37FAEE038CFB""";;;;;;;;;;;;;;;;;;;;;;;;;;;;;;;;;;;;;;;;;;;;;;;;;;;;;;;;;;;;;;;;;;;;;;;;;;;;;0;;;;0;RE;661332a2-340c-48a9-8aef-bc0c86e8b774;;;0;;;;;;;;0;;
107,97;S;;;;;5401;70052;;312;BS35-158213;;;;;;;;;"BEDI ""BAA943C2-DE0B-0B0C-A980-44CF949B4854""";;;;;;;;;;;;;;;;;;;;;;;;;;;;;;;;;;;;;;;;;;;;;;;;;;;;;;;;;;;;;;;;;;;;;;;;;;;;;0;;;;0;RE;4a3598ff-ed41-438e-b351-2915ccfe3419;;;0;;;;;;;;0;;
189,9;S;;;;;6670;70053;9;1504;451;;;;;;;;;"BEDI ""D4472CAD-E458-7936-EC37-5EF0F5C5B943""";;;;;;;;;;;;;;;;;;;;;;;;;;;;;;;;;;;;;;;;;;;;;;;;;;;;;;;;;;;;;;;;;;;;;;;;;;;;;0;;;;0;RE;7afd24e8-9a20-4b8b-b74b-8a72b3f906b9;;;0;;;;;;;;0;;
220;S;;;;;6670;70053;8;1504;451;;;;;;;;;"BEDI ""D4472CAD-E458-7936-EC37-5EF0F5C5B943""";;;;;;;;;;;;;;;;;;;;;;;;;;;;;;;;;;;;;;;;;;;;;;;;;;;;;;;;;;;;;;;;;;;;;;;;;;;;;0;;;;0;RE;fc1790d4-e160-47c1-aebe-8d03ab6b5f13;;;0;;;;;;;;0;;
15;S;;;;;6670;70053;;1504;451;;;;;;;;;"BEDI ""D4472CAD-E458-7936-EC37-5EF0F5C5B943""";;;;;;;;;;;;;;;;;;;;;;;;;;;;;;;;;;;;;;;;;;;;;;;;;;;;;;;;;;;;;;;;;;;;;;;;;;;;;0;;;;0;RE;72faaba6-6951-4e23-978d-dfce09ef0b7f;;;0;;;;;;;;0;;
273,7;S;;;;;6450;70054;9;2604;02-04-0020;;;Malerarbeiten;;;;;;"BEDI ""745F0001-3FA7-0539-C82E-541C62948B29""";;;;;;;;;;;;;;;;;;;;;;;;;;;;;;;;;;;;;;;;;;;;;;;;;;;;;;;;;;;;;;;;;;;;;;;;;;;;;0;;;;0;RE;a89990ff-e22e-436f-b348-70f9c0cd0c71;;;0;;;;;;;;0;;
746,49;S;;;;;5400;70055;;1304;123123;;;;;;;;;"BEDI ""0EBB4EB9-EFD2-774B-02A7-500FB0C5994D""";;;;;;;;;;;;;;;;;;;;;;;;;;;;;;;;;;;;;;;;;;;;;;;;;;;;;;;;;;;;;;;;;;;;;;;;;;;;;0;;;;0;RE;a884f284-0904-4009-9d5e-56bf20b592d8;;;0;;;;;;;;0;;
46,41;S;;;;;6470;70056;9;2703;111213;;;Ablaufrohr;;;;;;"BEDI ""1D1B3075-D20A-3D06-D91B-01F9714028E2""";;;;;;;;;;;;;;;;;;;;;;;;;;;;;;;;;;;;;;;;;;;;;;;;;;;;;;;;;;;;;;;;;;;;;;;;;;;;;0;;;;0;RE;3d2e1c23-7f34-4442-a545-d739693ba2f2;;;0;;;;;;;;0;;
1330,17;S;;;;;6470;70057;9;304;36589;;;Rep. Fenster;;;;;;"BEDI ""F039FA72-D920-0DAD-680C-361C2BD7AC57""";;;;;;;;;;;;;;;;;;;;;;;;;;;;;;;;;;;;;;;;;;;;;;;;;;;;;;;;;;;;;;;;;;;;;;;;;;;;;0;;;;0;RE;6173b015-9ba6-42eb-9e74-09d090195309;;;0;;;;;;;;0;;
746,49;S;;;;;5400;70100;;1503;123123;;;;;;;;;"BEDI ""7BFB7254-35FE-9C8C-270B-59F2701A9E7E""";;;;;;;;;;;;;;;;;;;;;;;;;;;;;;;;;;;;;;;;;;;;;;;;;;;;;;;;;;;;;;;;;;;;;;;;;;;;;0;;;;0;RE;f3b9e194-9efc-4b6e-b2ce-6f858cd65006;;;0;;;;;;;;0;;
36,41;S;;;;;6820;70058;9;1605;DHIldhZNbc0;;;;;;;;;"BEDI ""9CBB6A21-6DE4-1502-E9D9-04C8373D44B2""";;;;;;;;;;;;;;;;;;;;;;;;;;;;;;;;;;;;;;;;;;;;;;;;;;;;;;;;;;;;;;;;;;;;;;;;;;;;;0;;;;0;RE;5e973cb9-6dd0-4e7c-a503-e70c02724bfb;;;0;;;;;;;;0;;
5,35;S;;;;;6820;70058;8;1605;DHIldhZNbc0;;;;;;;;;"BEDI ""9CBB6A21-6DE4-1502-E9D9-04C8373D44B2""";;;;;;;;;;;;;;;;;;;;;;;;;;;;;;;;;;;;;;;;;;;;;;;;;;;;;;;;;;;;;;;;;;;;;;;;;;;;;0;;;;0;RE;de027be2-e128-4b72-aff3-eb3933c6b328;;;0;;;;;;;;0;;
41,68;S;;;;;6820;70101;8;901;76128361237;;;Karl;;;;;;"BEDI ""68AFE515-AD7B-B7C9-23F6-97A45D1294EC""";;;;;;;;;;;;;;;;;;;;;;;;;;;;;;;;;;;;;;;;;;;;;;;;;;;;;;;;;;;;;;;;;;;;;;;;;;;;;0;;;;0;RE;670f43c3-cc89-46ff-b47a-9e4a98c5d581;;;0;;;;;;;;0;;
1828,44;S;;;;;6335;70040;9;303;383659;;;Dachziegel;;;;;;"BEDI ""4833E0D9-ABDE-45F7-2166-5C2AF6A64018""";;;;;;;;;;;;;;;;;;;;;;;;;;;;;;;;;;;;;;;;;;;;;;;;;;;;;;;;;;;;;;;;;;;;;;;;;;;;;0;;;;0;RE;e7d39b47-5c3e-4df9-88d6-6786fe727a94;;;0;;;;;;;;0;;
1330,17;S;;;;;6335;70074;9;305;36589;;;Rep. Fenster;;;;;;"BEDI ""6C8BF2B7-056C-CF6E-587C-6708C58214A3""";;;;;;;;;;;;;;;;;;;;;;;;;;;;;;;;;;;;;;;;;;;;;;;;;;;;;;;;;;;;;;;;;;;;;;;;;;;;;0;;;;0;RE;e26c8607-453f-42f9-9b4b-184dd27ec8e3;;;0;;;;;;;;0;;
354,62;S;;;;;5400;70059;;802;20160208b;;;CNC;;;;;;"BEDI ""43BCA72C-17C0-2DD3-8957-80DF77B4B230""";;;;;;;;;;;;;;;;;;;;;;;;;;;;;;;;;;;;;;;;;;;;;;;;;;;;;;;;;;;;;;;;;;;;;;;;;;;;;0;;;;0;RE;1ecbe0e6-9e24-40e7-9b04-239ba957e21e;;;0;;;;;;;;0;;
746,49;S;;;;;5401;70060;;1802;123123;;;;;;;;;"BEDI ""FE1A42F9-2206-EB43-A48E-AC7A7D088146""";;;;;;;;;;;;;;;;;;;;;;;;;;;;;;;;;;;;;;;;;;;;;;;;;;;;;;;;;;;;;;;;;;;;;;;;;;;;;0;;;;0;RE;f2ffc530-8d14-4594-bfa2-4f51ad212c8b;;;0;;;;;;;;0;;
1505;S;;;;;5200;70061;;1601;1237807-712;;;;;;;;;"BEDI ""0E60DFF5-CD1A-14BE-199F-0BBA39958EEC""";;;;;;;;;;;;;;;;;;;;;;;;;;;;;;;;;;;;;;;;;;;;;;;;;;;;;;;;;;;;;;;;;;;;;;;;;;;;;0;;;;0;RE;6b030428-85da-4edb-aa46-96bccf7c2230;;;0;;;;;;;;0;;
36,41;S;;;;;6820;70062;9;1601;1237807-712;;;Bücher;;;;;;"BEDI ""515AD9A8-C0EE-0301-CF72-355CEF3E9FD2""";;;;;;;;;;;;;;;;;;;;;;;;;;;;;;;;;;;;;;;;;;;;;;;;;;;;;;;;;;;;;;;;;;;;;;;;;;;;;0;;;;0;RE;1278f3d8-332d-4ec3-b2de-f42f2dd1c3dc;;;0;;;;;;;;0;;
5,35;S;;;;;6820;70062;8;1601;1237807-712;;;Bücher;;;;;;"BEDI ""515AD9A8-C0EE-0301-CF72-355CEF3E9FD2""";;;;;;;;;;;;;;;;;;;;;;;;;;;;;;;;;;;;;;;;;;;;;;;;;;;;;;;;;;;;;;;;;;;;;;;;;;;;;0;;;;0;RE;cbdb0130-f51e-43b8-9e8b-cf887d467be2;;;0;;;;;;;;0;;
41,68;S;;;;;6820;70063;;205;76128361237;;;Bücher;;;;;;"BEDI ""9D560A8F-03B1-7787-C47E-FF3604BF9BAB""";;;;;;;;;;;;;;;;;;;;;;;;;;;;;;;;;;;;;;;;;;;;;;;;;;;;;;;;;;;;;;;;;;;;;;;;;;;;;0;;;;0;RE;efeff10b-f914-44d9-830f-c7b7620aab26;;;0;;;;;;;;0;;
862,65;S;;;;;5200;70064;;201;6456;;;;;;;;;"BEDI ""434D8F49-647D-C312-4512-FD2049EA886D""";;;;;;;;;;;;;;;;;;;;;;;;;;;;;;;;;;;;;;;;;;;;;;;;;;;;;;;;;;;;;;;;;;;;;;;;;;;;;0;;;;0;RE;e2d0f081-da6e-4691-b593-d93aa77188ea;;;0;;;;;;;;0;;
136;S;;;;;5200;70065;;101;rS0320160101;;;;;;;;;"BEDI ""DD6FC42F-7489-B9BD-DD7B-6BBDE3957F23""";;;;;;;;;;;;;;;;;;;;;;;;;;;;;;;;;;;;;;;;;;;;;;;;;;;;;;;;;;;;;;;;;;;;;;;;;;;;;0;;;;0;RE;e112de0a-3214-41ce-a14c-10953bc8e08c;;;0;;;;;;;;0;;
939,47;S;;;;;5400;70066;;1501;DX160115;;;;;;;;;"BEDI ""F5CC748D-D5AF-524D-ED3F-4EE20209E7E9""";;;;;;;;;;;;;;;;;;;;;;;;;;;;;;;;;;;;;;;;;;;;;;;;;;;;;;;;;;;;;;;;;;;;;;;;;;;;;0;;;;0;RE;99b14ef1-d082-4563-a154-d4df6b88bbeb;;;0;;;;;;;;0;;
105;S;;;;;6420;70067;;1212;;;;;;;;;;"BEDI ""4DC84596-BC56-E17B-5C52-055EB2D69121""";;;;;;;;;;;;;;;;;;;;;;;;;;;;;;;;;;;;;;;;;;;;;;;;;;;;;;;;;;;;;;;;;;;;;;;;;;;;;0;;;;0;RE;e72bae35-ada8-4001-8215-d70a99fa7e36;;;0;;;;;;;;0;;
36,41;S;;;;;6820;70068;9;1212;;;;;;;;;;"BEDI ""C497AC37-73ED-8731-BB07-77A7327E7460""";;;;;;;;;;;;;;;;;;;;;;;;;;;;;;;;;;;;;;;;;;;;;;;;;;;;;;;;;;;;;;;;;;;;;;;;;;;;;0;;;;0;RE;5ebde962-d27b-4d94-b6ad-86a823095d6f;;;0;;;;;;;;0;;
5,35;S;;;;;6820;70068;8;1212;;;;;;;;;;"BEDI ""C497AC37-73ED-8731-BB07-77A7327E7460""";;;;;;;;;;;;;;;;;;;;;;;;;;;;;;;;;;;;;;;;;;;;;;;;;;;;;;;;;;;;;;;;;;;;;;;;;;;;;0;;;;0;RE;92f1b7a7-269e-4bd6-9b60-557e3caf21df;;;0;;;;;;;;0;;
41,68;S;;;;;6820;70069;8;201;RE16-0102-01;;;Bücher;;;;;;"BEDI ""16BA07CB-EBDE-F3EC-81B5-58CC9347CABA""";;;;;;;;;;;;;;;;;;;;;;;;;;;;;;;;;;;;;;;;;;;;;;;;;;;;;;;;;;;;;;;;;;;;;;;;;;;;;0;;;;0;RE;d800c460-59cb-4174-b3f2-c78408bd370d;;;0;;;;;;;;0;;
2159,37;S;;;;;6450;70075;9;3009;383659;;;Dachziegel;;;;;;"BEDI ""29F66A0B-3792-2274-EA13-83F699861FC9""";;;;;;;;;;;;;;;;;;;;;;;;;;;;;;;;;;;;;;;;;;;;;;;;;;;;;;;;;;;;;;;;;;;;;;;;;;;;;0;;;;0;RE;7f4cd609-131f-40cb-891a-021a27db4156;;;0;;;;;;;;;;
79,18;S;;;;;5400;70076;;1801;16011823;;;;;;;;;"BEDI ""62AEEA67-871A-10C6-50EB-B526EB834DB6""";;;;;;;;;;;;;;;;;;;;;;;;;;;;;;;;;;;;;;;;;;;;;;;;;;;;;;;;;;;;;;;;;;;;;;;;;;;;;0;;;;0;RE;4d3b21ef-da5c-4f52-8637-7b5c49df12c7;;;0;;;;;;;;;;
2159,37;S;;;;;6450;70077;9;1302;383659;;;Dachziegel;;;;;;"BEDI ""2456B548-23FD-D6DE-3A86-D9794EC19F92""";;;;;;;;;;;;;;;;;;;;;;;;;;;;;;;;;;;;;;;;;;;;;;;;;;;;;;;;;;;;;;;;;;;;;;;;;;;;;0;;;;0;RE;734e53f2-92aa-4c1f-a97a-081e8da4f685;;;0;;;;;;;;;;
46,41;S;;;;;6470;70078;9;2602;1912333;;;Ablaufrohr;;;;;;"BEDI ""D3757B01-48A7-DC5D-9685-AF487408CEA8""";;;;;;;;;;;;;;;;;;;;;;;;;;;;;;;;;;;;;;;;;;;;;;;;;;;;;;;;;;;;;;;;;;;;;;;;;;;;;0;;;;0;RE;41b8dde2-981f-445b-a246-044c2c063a84;;;0;;;;;;;;;;
10;S;;;;;6670;70079;;1004;451;;;;;;;;;"BEDI ""637E3A96-A45F-E4DA-0C8D-C4790E4AA9E1""";;;;;;;;;;;;;;;;;;;;;;;;;;;;;;;;;;;;;;;;;;;;;;;;;;;;;;;;;;;;;;;;;;;;;;;;;;;;;0;;;;0;RE;2d8fef14-cfaf-428a-9933-0aa55aae0be9;;;0;;;;;;;;;;
220;S;;;;;6670;70079;8;1004;451;;;;;;;;;"BEDI ""637E3A96-A45F-E4DA-0C8D-C4790E4AA9E1""";;;;;;;;;;;;;;;;;;;;;;;;;;;;;;;;;;;;;;;;;;;;;;;;;;;;;;;;;;;;;;;;;;;;;;;;;;;;;0;;;;0;RE;cfb11406-bcc0-4b34-9be2-23ab22aac862;;;0;;;;;;;;;;
194,9;S;;;;;6670;70079;9;1004;451;;;;;;;;;"BEDI ""637E3A96-A45F-E4DA-0C8D-C4790E4AA9E1""";;;;;;;;;;;;;;;;;;;;;;;;;;;;;;;;;;;;;;;;;;;;;;;;;;;;;;;;;;;;;;;;;;;;;;;;;;;;;0;;;;0;RE;8ea44eb4-eba0-495c-ac49-31ecb3baa30a;;;0;;;;;;;;;;
10;S;;;;;6670;70080;;1105;451;;;;;;;;;"BEDI ""AEF02222-F332-86B8-2E10-249098BAF2FD""";;;;;;;;;;;;;;;;;;;;;;;;;;;;;;;;;;;;;;;;;;;;;;;;;;;;;;;;;;;;;;;;;;;;;;;;;;;;;0;;;;0;RE;4a9c5b51-7840-4584-932f-6ce293a485c8;;;0;;;;;;;;;;
220;S;;;;;6670;70080;8;1105;451;;;;;;;;;"BEDI ""AEF02222-F332-86B8-2E10-249098BAF2FD""";;;;;;;;;;;;;;;;;;;;;;;;;;;;;;;;;;;;;;;;;;;;;;;;;;;;;;;;;;;;;;;;;;;;;;;;;;;;;0;;;;0;RE;56615ff5-fb60-445f-882d-e77883f6c2a3;;;0;;;;;;;;;;
194,9;S;;;;;6670;70080;9;1105;451;;;;;;;;;"BEDI ""AEF02222-F332-86B8-2E10-249098BAF2FD""";;;;;;;;;;;;;;;;;;;;;;;;;;;;;;;;;;;;;;;;;;;;;;;;;;;;;;;;;;;;;;;;;;;;;;;;;;;;;0;;;;0;RE;438b2bd0-774d-4092-8582-c174763dd084;;;0;;;;;;;;;;
542,64;S;;;;;5400;70081;;902;38656383;;;;;;;;;"BEDI ""A15281E8-12AF-DCBA-5E65-DEDD652E0A5E""";;;;;;;;;;;;;;;;;;;;;;;;;;;;;;;;;;;;;;;;;;;;;;;;;;;;;;;;;;;;;;;;;;;;;;;;;;;;;0;;;;0;RE;88c02880-0770-43f7-932c-970ba0f6bbd3;;;0;;;;;;;;;;
542,64;S;;;;;5400;70082;;1602;38656383;;;;;;;;;"BEDI ""CF55947C-DFB7-6A82-1BBF-6A1C0A5D4CDF""";;;;;;;;;;;;;;;;;;;;;;;;;;;;;;;;;;;;;;;;;;;;;;;;;;;;;;;;;;;;;;;;;;;;;;;;;;;;;0;;;;0;RE;df15d440-33f6-4ae9-a902-b4d034fa6aef;;;0;;;;;;;;;;
542,64;S;;;;;5400;70083;;902;38656383;;;;;;;;;"BEDI ""3C4D1451-C6FC-8201-8FD5-DE0DE02247BA""";;;;;;;;;;;;;;;;;;;;;;;;;;;;;;;;;;;;;;;;;;;;;;;;;;;;;;;;;;;;;;;;;;;;;;;;;;;;;0;;;;0;RE;319c906f-3f7e-47ce-adb8-eefea43aadd9;;;0;;;;;;;;;;
542,64;S;;;;;5400;70084;;903;38656383;;;;;;;;;"BEDI ""825C52D3-A893-F389-7F4B-D340F098FEE2""";;;;;;;;;;;;;;;;;;;;;;;;;;;;;;;;;;;;;;;;;;;;;;;;;;;;;;;;;;;;;;;;;;;;;;;;;;;;;0;;;;0;RE;81b91c6b-afb7-4697-b02a-2695fb005fab;;;0;;;;;;;;;;
135,24;S;;;;;6120;70085;;2006;;;;Beiutrag Berufsgenosenschaft;;;;;;"BEDI ""45788693-A9AC-4AB2-1874-A201ED7BFC0B""";;;;;;;;;;;;;;;;;;;;;;;;;;;;;;;;;;;;;;;;;;;;;;;;;;;;;;;;;;;;;;;;;;;;;;;;;;;;;0;;;;0;RE;f06b78cb-9e27-4748-b390-8560ad72c985;;;0;;;;;;;;;;
542,64;S;;;;;5401;70102;;2301;38656383;;;;;;;;;"BEDI ""9C6191CC-207B-6468-EC89-F5699E3D1C5B""";;;;;;;;;;;;;;;;;;;;;;;;;;;;;;;;;;;;;;;;;;;;;;;;;;;;;;;;;;;;;;;;;;;;;;;;;;;;;0;;;;0;RE;5018d83d-86cc-4b10-9755-81fc914f9d0a;;;0;;;;;;;;;;
542,64;S;;;;;5400;70086;;902;160209222;;;;;;;;;"BEDI ""454EF31F-AC2A-1B81-9E5C-BD330BA07DB6""";;;;;;;;;;;;;;;;;;;;;;;;;;;;;;;;;;;;;;;;;;;;;;;;;;;;;;;;;;;;;;;;;;;;;;;;;;;;;0;;;;0;RE;4a1f432b-2460-4e58-bc10-992479c70f66;;;0;;;;;;;;;;
652,12;S;;;;;6845;70007;9;2501;1601/218;;;Material;;;;;;"BEDI ""4ED36A54-F1F3-FA40-8994-CB5B42BCFEE0""";;;;;;;;;;;;;;;;;;;;;;;;;;;;;;;;;;;;;;;;;;;;;;;;;;;;;;;;;;;;;;;;;;;;;;;;;;;;;0;;;;0;RE;3011edf3-4b3c-48b3-82cb-2b1a2356d647;;;0;;;;;;;;;;
1195,95;S;;;;;6845;70007;9;202;1602/229;;;Material;;;;;;"BEDI ""ED4CED67-BCD6-CAFC-203E-B83956CA28A7""";;;;;;;;;;;;;;;;;;;;;;;;;;;;;;;;;;;;;;;;;;;;;;;;;;;;;;;;;;;;;;;;;;;;;;;;;;;;;0;;;;0;RE;43495578-4c3a-4b6a-b688-b574b1737db1;;;0;;;;;;;;;;
410,55;S;;;;;6845;70007;9;1901;1601/201;;;Material;;;;;;"BEDI ""190465CF-2972-6B9A-2B57-A45EC81AAFF8""";;;;;;;;;;;;;;;;;;;;;;;;;;;;;;;;;;;;;;;;;;;;;;;;;;;;;;;;;;;;;;;;;;;;;;;;;;;;;0;;;;0;RE;d2f84e75-5496-4fcd-a517-21ede9bf4488;;;0;;;;;;;;;;
864,62;S;;;;;5400;70066;;1501;DX160115;;;;;;;;;"BEDI ""F07686F0-1CC8-6D1A-467D-8CB5841EF430""";;;;;;;;;;;;;;;;;;;;;;;;;;;;;;;;;;;;;;;;;;;;;;;;;;;;;;;;;;;;;;;;;;;;;;;;;;;;;0;;;;0;RE;190ecc77-475a-43c1-abfe-576e193e7e11;;;0;;;;;;;;;;
1330,17;S;;;;;6490;70012;9;301;36589;;;Instandhaltung Laden;;;;;;"BEDI ""980E6FF6-BC5D-3766-2136-2B61EF0FC5C8""";;;;;;;;;;;;;;;;;;;;;;;;;;;;;;;;;;;;;;;;;;;;;;;;;;;;;;;;;;;;;;;;;;;;;;;;;;;;;0;;;;0;RE;492c4de9-7cb0-48bf-b53b-d0289688c660;;;0;;;;;;;;;;
542,64;S;;;;;5401;70102;;2301;38656383;;;Suzuki;;;;;;"BEDI ""0C8494C6-7D8E-1DC6-431F-C670ACDD5A1B""";;;;;;;;;;;;;;;;;;;;;;;;;;;;;;;;;;;;;;;;;;;;;;;;;;;;;;;;;;;;;;;;;;;;;;;;;;;;;0;;;;0;RE;3d0f56b8-f19e-4ba4-9f45-79f737b9450d;;;0;;;;;;;;;;
120;S;;;;;6670;70014;8;3001;1338/27012;;;;;;;;;"BEDI ""B5D33CD6-37F9-3673-7B7B-60763B36070D""";;;;;;;;;;;;;;;;;;;;;;;;;;;;;;;;;;;;;;;;;;;;;;;;;;;;;;;;;;;;;;;;;;;;;;;;;;;;;0;;;;0;RE;2b3c940b-51fe-482e-9bbd-b83a9ab2618a;;;0;;;;;;;;;;
36,41;S;;;;;6820;70068;9;1603;DHIldhZNbc0;;;Kalender;;;;;;"BEDI ""31B89278-F4A8-F6E6-8C11-71EAAA3EC9A1""";;;;;;;;;;;;;;;;;;;;;;;;;;;;;;;;;;;;;;;;;;;;;;;;;;;;;;;;;;;;;;;;;;;;;;;;;;;;;0;;;;0;RE;1d1d0600-49f9-4f68-a323-ef2bcaf75b6d;;;0;;;;;;;;;;
5,35;S;;;;;6820;70068;8;1603;DHIldhZNbc0;;;Kalender;;;;;;"BEDI ""31B89278-F4A8-F6E6-8C11-71EAAA3EC9A1""";;;;;;;;;;;;;;;;;;;;;;;;;;;;;;;;;;;;;;;;;;;;;;;;;;;;;;;;;;;;;;;;;;;;;;;;;;;;;0;;;;0;RE;5e0ded31-faaf-4904-acc1-3216f320e6fe;;;0;;;;;;;;;;
112,87;H;;;;;5400;70001;;3112;2015-011a;;;Gutschrift Brunnberg;;;;;;"BEDI ""41FC3D7C-A33A-01EF-2819-499A7E0E2652""";;;;;;;;;;;;;;;;;;;;;;;;;;;;;;;;;;;;;;;;;;;;;;;;;;;;;;;;;;;;;;;;;;;;;;;;;;;;;0;;;;0;RE;43363a0c-7353-4c73-8bc9-4154b0f146b0;;;0;;;;;;;;;;
41,68;S;;;;;6820;70029;8;2104;76128361237;;;Bücher;;;;;;"BEDI ""51B74EA1-E847-DF95-41C9-49917B4D55A8""";;;;;;;;;;;;;;;;;;;;;;;;;;;;;;;;;;;;;;;;;;;;;;;;;;;;;;;;;;;;;;;;;;;;;;;;;;;;;0;;;;0;RE;9eee9f55-f4cf-467a-b986-7ca084543d72;;;0;;;;;;;;;;
1828,44;S;;;;;6335;70073;9;303;383659;;;Dachziegel;;;;;;"BEDI ""7D004C00-367F-21DC-8930-FADC06CCFCAC""";;;;;;;;;;;;;;;;;;;;;;;;;;;;;;;;;;;;;;;;;;;;;;;;;;;;;;;;;;;;;;;;;;;;;;;;;;;;;0;;;;0;RE;33e90b8e-a423-4344-b4f8-44bbcbe0054d;;;0;;;;;;;;;;
1330,42;S;;;;;5400;70059;;404;20160404a;;;CNC;;;;;;"BEDI ""BD4E6E41-9C70-7307-D490-8537976FF001""";;;;;;;;;;;;;;;;;;;;;;;;;;;;;;;;;;;;;;;;;;;;;;;;;;;;;;;;;;;;;;;;;;;;;;;;;;;;;0;;;;0;RE;329cc6ec-7179-483c-aca4-8798e6b0cf15;;;0;;;;;;;;;;
512,89;S;;;;;5400;70059;;1303;20160313a;;;CNC;;;;;;"BEDI ""C096301D-66C0-89A9-5EDF-499ED76B9858""";;;;;;;;;;;;;;;;;;;;;;;;;;;;;;;;;;;;;;;;;;;;;;;;;;;;;;;;;;;;;;;;;;;;;;;;;;;;;0;;;;0;RE;427102f1-b769-4135-a3a4-e25fb2e63f6f;;;0;;;;;;;;;;
608,09;S;;;;;5400;70059;;1602;20160216a;;;CNC;;;;;;"BEDI ""2A168839-2912-15EA-C098-8715D7BCD445""";;;;;;;;;;;;;;;;;;;;;;;;;;;;;;;;;;;;;;;;;;;;;;;;;;;;;;;;;;;;;;;;;;;;;;;;;;;;;0;;;;0;RE;72eb78ca-fd36-4f95-b074-c409642d34f1;;;0;;;;;;;;;;
2180,08;S;;;;;5400;70059;;2402;20160224f;;;CNC;;;;;;"BEDI ""15877112-AC96-D5B9-ECB9-215ED2517524""";;;;;;;;;;;;;;;;;;;;;;;;;;;;;;;;;;;;;;;;;;;;;;;;;;;;;;;;;;;;;;;;;;;;;;;;;;;;;0;;;;0;RE;ade4e35d-39f4-4841-aab7-3336630d7bbf;;;0;;;;;;;;;;
616,42;S;;;;;5400;70059;;703;20160307a;;;CNC;;;;;;"BEDI ""1CA05895-E1FE-1F76-EDE8-4A18AA6B8E4A""";;;;;;;;;;;;;;;;;;;;;;;;;;;;;;;;;;;;;;;;;;;;;;;;;;;;;;;;;;;;;;;;;;;;;;;;;;;;;0;;;;0;RE;313c1bf1-fdba-4d55-92b6-5421982f769b;;;0;;;;;;;;;;
282,03;S;;;;;5400;70059;;3003;20160330b;;;CNC;;;;;;"BEDI ""9388FB63-2561-63AF-542A-16A16A395654""";;;;;;;;;;;;;;;;;;;;;;;;;;;;;;;;;;;;;;;;;;;;;;;;;;;;;;;;;;;;;;;;;;;;;;;;;;;;;0;;;;0;RE;0d5ed26d-3f64-4315-bfb0-f4abd1aeaf3b;;;0;;;;;;;;;;
2058,7;S;;;;;5400;70059;;1604;20160416c;;;CNC;;;;;;"BEDI ""6F498A5F-574E-3A76-45E4-B3D707593FB9""";;;;;;;;;;;;;;;;;;;;;;;;;;;;;;;;;;;;;;;;;;;;;;;;;;;;;;;;;;;;;;;;;;;;;;;;;;;;;0;;;;0;RE;08a29f2b-3b6d-42b1-92d4-48eea646c60a;;;0;;;;;;;;;;
1025,78;S;;;;;5400;70059;;2902;20160229c;;;CNC;;;;;;"BEDI ""FFF8E1D6-713D-36D4-C09D-ADD7410CBB23""";;;;;;;;;;;;;;;;;;;;;;;;;;;;;;;;;;;;;;;;;;;;;;;;;;;;;;;;;;;;;;;;;;;;;;;;;;;;;0;;;;0;RE;67270976-d81b-41f8-8ca8-35b3ce6e002a;;;0;;;;;;;;;;
351,52;S;;;;;5400;70066;;1901;DX160119;;;;;;;;;"BEDI ""6B21ADC7-FA94-8EBE-6B4D-83D91FD24D8B""";;;;;;;;;;;;;;;;;;;;;;;;;;;;;;;;;;;;;;;;;;;;;;;;;;;;;;;;;;;;;;;;;;;;;;;;;;;;;0;;;;0;RE;75d871ed-27f7-4075-9ba1-d55a225c95ee;;;0;;;;;;;;;;
470,46;S;;;;;5400;70066;;2201;DX160122;;;;;;;;;"BEDI ""47106D40-764A-AE02-F325-162B9229D18A""";;;;;;;;;;;;;;;;;;;;;;;;;;;;;;;;;;;;;;;;;;;;;;;;;;;;;;;;;;;;;;;;;;;;;;;;;;;;;0;;;;0;RE;40d9e80a-aa58-4f23-a340-3b8f868f26f6;;;0;;;;;;;;;;
881,08;S;;;;;5400;70066;;2701;DX160127;;;;;;;;;"BEDI ""441C27E5-A3B9-81DA-2761-2DDA49820956""";;;;;;;;;;;;;;;;;;;;;;;;;;;;;;;;;;;;;;;;;;;;;;;;;;;;;;;;;;;;;;;;;;;;;;;;;;;;;0;;;;0;RE;93ab46be-b9e9-4c5a-a397-b02dac02985a;;;0;;;;;;;;;;
558,37;S;;;;;5400;70066;;302;DX160203;;;;;;;;;"BEDI ""3573F4D3-C63F-D897-8387-01D9D4F3FFF4""";;;;;;;;;;;;;;;;;;;;;;;;;;;;;;;;;;;;;;;;;;;;;;;;;;;;;;;;;;;;;;;;;;;;;;;;;;;;;0;;;;0;RE;ccd7f987-a5f7-490e-8fe0-8e63f6058962;;;0;;;;;;;;;;
418,6;S;;;;;5400;70066;;502;DX160205;;;;;;;;;"BEDI ""B895EC8D-C97A-842B-0C04-7C94DD6FBBD9""";;;;;;;;;;;;;;;;;;;;;;;;;;;;;;;;;;;;;;;;;;;;;;;;;;;;;;;;;;;;;;;;;;;;;;;;;;;;;0;;;;0;RE;e7fb4b62-abb0-4ae5-8456-35218d57607f;;;0;;;;;;;;;;
1064,24;S;;;;;5400;70066;;802;DX160208;;;;;;;;;"BEDI ""BDD304B4-E685-E215-73A3-B016D4A9CB00""";;;;;;;;;;;;;;;;;;;;;;;;;;;;;;;;;;;;;;;;;;;;;;;;;;;;;;;;;;;;;;;;;;;;;;;;;;;;;0;;;;0;RE;98c8880e-43bf-4d49-b792-86e570cf761e;;;0;;;;;;;;;;
351,44;S;;;;;5400;70066;;902;DX160209;;;;;;;;;"BEDI ""78AB2D4E-B9D0-B8E3-EE3A-1ACDEDE32249""";;;;;;;;;;;;;;;;;;;;;;;;;;;;;;;;;;;;;;;;;;;;;;;;;;;;;;;;;;;;;;;;;;;;;;;;;;;;;0;;;;0;RE;f6207e21-9314-4906-b4c2-1c09e99b423d;;;0;;;;;;;;;;
251;S;;;;;5400;70066;;1002;DY160209;;;;;;;;;"BEDI ""15488CBC-6561-0CA8-F6FD-94A4C08A05F2""";;;;;;;;;;;;;;;;;;;;;;;;;;;;;;;;;;;;;;;;;;;;;;;;;;;;;;;;;;;;;;;;;;;;;;;;;;;;;0;;;;0;RE;74c94752-ce62-4400-851f-64b34b1a4372;;;0;;;;;;;;;;
108,78;S;;;;;6820;70069;8;501;RE16-0105-66;;;Bücher;;;;;;"BEDI ""662B994A-1805-4E1C-4BC0-4890216ED3E7""";;;;;;;;;;;;;;;;;;;;;;;;;;;;;;;;;;;;;;;;;;;;;;;;;;;;;;;;;;;;;;;;;;;;;;;;;;;;;0;;;;0;RE;b87e42f0-63c6-4fd1-ba25-4676d0d326b1;;;0;;;;;;;;;;
3123,16;S;;;;;6470;70103;9;1801;2016-0118-01;;;;;;;;;"BEDI ""B3EB3981-5AEB-C0EE-F14C-9B5878508AAF""";;;;;;;;;;;;;;;;;;;;;;;;;;;;;;;;;;;;;;;;;;;;;;;;;;;;;;;;;;;;;;;;;;;;;;;;;;;;;0;;;;0;RE;96436656-a35a-4522-a442-d646b80df56b;;;0;;;;;;;;;;
1616,62;S;;;;;6470;70103;9;2301;2016-0123-02;;;;;;;;;"BEDI ""94A9A949-C9D2-1DBB-2AC0-3452030A969B""";;;;;;;;;;;;;;;;;;;;;;;;;;;;;;;;;;;;;;;;;;;;;;;;;;;;;;;;;;;;;;;;;;;;;;;;;;;;;0;;;;0;RE;a6a3536a-9d28-48e8-b8f5-a7961567e40f;;;0;;;;;;;;;;
514,44;S;;;;;6470;70103;9;2301;2016-0123-02;;;;;;;;;"BEDI ""1557029C-C8AA-8781-B17A-F15284C12367""";;;;;;;;;;;;;;;;;;;;;;;;;;;;;;;;;;;;;;;;;;;;;;;;;;;;;;;;;;;;;;;;;;;;;;;;;;;;;0;;;;0;RE;462a23d3-604c-4014-bf21-e94cfb287e90;;;0;;;;;;;;;;
4101,73;S;;;;;6470;70103;9;202;2016-0202-01;;;;;;;;;"BEDI ""CF5C1373-AFEA-3CC0-FBAB-A11E163111EB""";;;;;;;;;;;;;;;;;;;;;;;;;;;;;;;;;;;;;;;;;;;;;;;;;;;;;;;;;;;;;;;;;;;;;;;;;;;;;0;;;;0;RE;f2982b55-1f40-45a9-ab95-4d02b75afd43;;;0;;;;;;;;;;
978,66;S;;;;;6470;70103;9;802;2016-0208-03;;;;;;;;;"BEDI ""34BE1F42-F8E0-95D6-490E-EB2659A04C2D""";;;;;;;;;;;;;;;;;;;;;;;;;;;;;;;;;;;;;;;;;;;;;;;;;;;;;;;;;;;;;;;;;;;;;;;;;;;;;0;;;;0;RE;e79ee1cf-a09d-4b7a-bc57-6c5c5117496f;;;0;;;;;;;;;;
153,66;S;;;;;6470;70103;9;1401;2016-0114-01;;;;;;;;;"BEDI ""0290E0FC-3DB4-96CF-1D59-F64CD577E034""";;;;;;;;;;;;;;;;;;;;;;;;;;;;;;;;;;;;;;;;;;;;;;;;;;;;;;;;;;;;;;;;;;;;;;;;;;;;;0;;;;0;RE;9759d7a8-5cb0-489b-9a82-18bae8b6250d;;;0;;;;;;;;;;
361,75;S;;;;;5403;70030;;2403;471310;;;;;;;;;"BEDI ""16E3DFD6-A47C-BDF9-43B4-DFC161115C39""";;;;;;;;;;;;;;;;;;;;;;;;;;;;;;;;;;;;;;;;;;;;;;;;;;;;;;;;;;;;;;;;;;;;;;;;;;;;;0;;;;0;RE;14707dfb-9cec-4450-befc-4c4f4e15e0db;;;0;;;;;;;;;;
1078,5;S;;;;;5403;70030;;3003;471533;;;;;;;;;"BEDI ""106A4F21-6A72-072A-FF07-6E9A4E87923E""";;;;;;;;;;;;;;;;;;;;;;;;;;;;;;;;;;;;;;;;;;;;;;;;;;;;;;;;;;;;;;;;;;;;;;;;;;;;;0;;;;0;RE;92acd5e1-0fe4-415b-bee3-b6b616f3d1ca;;;0;;;;;;;;;;
1073,24;S;;;;;5403;70030;;2104;471700;;;;;;;;;"BEDI ""29700CA7-5C3E-5DD5-B582-DB688C4D3910""";;;;;;;;;;;;;;;;;;;;;;;;;;;;;;;;;;;;;;;;;;;;;;;;;;;;;;;;;;;;;;;;;;;;;;;;;;;;;0;;;;0;RE;2d1e18ba-020d-4d38-bb95-fc7c3b282162;;;0;;;;;;;;;;
557,22;S;;;;;5403;70030;;505;471829;;;;;;;;;"BEDI ""F8E1B6FF-5280-1C41-7D34-6CDEBFF02C78""";;;;;;;;;;;;;;;;;;;;;;;;;;;;;;;;;;;;;;;;;;;;;;;;;;;;;;;;;;;;;;;;;;;;;;;;;;;;;0;;;;0;RE;a8f1efba-84f0-42e4-aafb-52d4497fc306;;;0;;;;;;;;;;
447,26;S;;;;;5403;70030;;1005;471999;;;;;;;;;"BEDI ""DECDE7BF-3F99-1DBE-A401-18DDB205B6C4""";;;;;;;;;;;;;;;;;;;;;;;;;;;;;;;;;;;;;;;;;;;;;;;;;;;;;;;;;;;;;;;;;;;;;;;;;;;;;0;;;;0;RE;61d3c494-007a-4310-bfb9-d8c32ad56c83;;;0;;;;;;;;;;
1748,57;S;;;;;5403;70030;;1705;472209;;;;;;;;;"BEDI ""41298927-5938-58D7-0991-3C757F233FEF""";;;;;;;;;;;;;;;;;;;;;;;;;;;;;;;;;;;;;;;;;;;;;;;;;;;;;;;;;;;;;;;;;;;;;;;;;;;;;0;;;;0;RE;c283645b-b84b-44c2-b639-f39af610cea3;;;0;;;;;;;;;;
1143,59;S;;;;;5403;70030;;3105;472711;;;;;;;;;"BEDI ""26044C82-D8EE-519E-A4B6-4DBF2CEFE371""";;;;;;;;;;;;;;;;;;;;;;;;;;;;;;;;;;;;;;;;;;;;;;;;;;;;;;;;;;;;;;;;;;;;;;;;;;;;;0;;;;0;RE;5e0690be-77ed-40ab-93ed-fa31991c7c2e;;;0;;;;;;;;;;
1011,01;S;;;;;5403;70030;;606;473171;;;;;;;;;"BEDI ""420D99B5-9E8F-C901-C638-7C88128EAEA7""";;;;;;;;;;;;;;;;;;;;;;;;;;;;;;;;;;;;;;;;;;;;;;;;;;;;;;;;;;;;;;;;;;;;;;;;;;;;;0;;;;0;RE;ff6aa41f-ff2d-40bf-b202-d10c8658bed6;;;0;;;;;;;;;;
604,56;S;;;;;5403;70030;;604;471660;;;;;;;;;"BEDI ""BEFDB769-A5AC-5BB6-AFD3-AE2BC65572FA""";;;;;;;;;;;;;;;;;;;;;;;;;;;;;;;;;;;;;;;;;;;;;;;;;;;;;;;;;;;;;;;;;;;;;;;;;;;;;0;;;;0;RE;188433ff-407c-47fe-b161-8fdfc38d2a1b;;;0;;;;;;;;;;
502,78;S;;;;;6335;70002;9;2604;4274;;;Instandhaltung Büro;;;;;;"BEDI ""4E55FD8C-D8F9-B37D-C864-E1BE8B747A9C""";;;;;;;;;;;;;;;;;;;;;;;;;;;;;;;;;;;;;;;;;;;;;;;;;;;;;;;;;;;;;;;;;;;;;;;;;;;;;0;;;;0;RE;e2428f2b-48d8-49b5-82fa-fbcb169651fb;;;0;;;;;;;;;;
164,82;S;;;;;6335;70002;9;405;4299;;;Instandhaltung Büro;;;;;;"BEDI ""A59A5DD1-E510-0378-A974-4974EED28F15""";;;;;;;;;;;;;;;;;;;;;;;;;;;;;;;;;;;;;;;;;;;;;;;;;;;;;;;;;;;;;;;;;;;;;;;;;;;;;0;;;;0;RE;8f2dc4cb-ee8a-409f-af9a-9a6cb83ce10e;;;0;;;;;;;;;;
891,31;S;;;;;6335;70002;9;1305;4308;;;Instandhaltung Büro;;;;;;"BEDI ""36813837-6061-A1EF-89CE-623A9F9532C4""";;;;;;;;;;;;;;;;;;;;;;;;;;;;;;;;;;;;;;;;;;;;;;;;;;;;;;;;;;;;;;;;;;;;;;;;;;;;;0;;;;0;RE;252fa9c8-3580-47a4-b817-1f5dbc01eb8a;;;0;;;;;;;;;;
702,75;S;;;;;5400;70064;;1601;6477;;;;;;;;;"BEDI ""B0378690-0284-0167-AE6D-15ED01216C11""";;;;;;;;;;;;;;;;;;;;;;;;;;;;;;;;;;;;;;;;;;;;;;;;;;;;;;;;;;;;;;;;;;;;;;;;;;;;;0;;;;0;RE;6d74bf00-dccc-4ffd-9a44-0b85b47570ca;;;0;;;;;;;;;;
349,8;S;;;;;5400;70064;;3001;6511;;;;;;;;;"BEDI ""020CD9AE-0C84-18A6-2148-BFD9A2A93FD6""";;;;;;;;;;;;;;;;;;;;;;;;;;;;;;;;;;;;;;;;;;;;;;;;;;;;;;;;;;;;;;;;;;;;;;;;;;;;;0;;;;0;RE;569ecfdb-0478-48d8-bf68-6297da450a06;;;0;;;;;;;;;;
772,65;S;;;;;5400;70064;;1002;6600;;;;;;;;;"BEDI ""111509C6-95A9-7501-518A-68B9295D1983""";;;;;;;;;;;;;;;;;;;;;;;;;;;;;;;;;;;;;;;;;;;;;;;;;;;;;;;;;;;;;;;;;;;;;;;;;;;;;0;;;;0;RE;9b1bfeeb-42f9-49cf-8dec-d27f8eef12aa;;;0;;;;;;;;;;
754,6;S;;;;;5400;70064;;1702;6631;;;;;;;;;"BEDI ""6BF44586-B2CD-9FCE-7A5C-B6FF677727C9""";;;;;;;;;;;;;;;;;;;;;;;;;;;;;;;;;;;;;;;;;;;;;;;;;;;;;;;;;;;;;;;;;;;;;;;;;;;;;0;;;;0;RE;d6aedf84-00a2-4346-9a4b-be40db2838a2;;;0;;;;;;;;;;
132,99;S;;;;;6650;70008;;1904;160418398;;;Hotel AN;;;;;;"BEDI ""F002654B-51D9-8208-8FD4-DF971B11686C""";;;;;;;;;;;;;;;;;;;;;;;;;;;;;;;;;;;;;;;;;;;;;;;;;;;;;;;;;;;;;;;;;;;;;;;;;;;;;0;;;;0;RE;abb7529f-f1d6-464a-9970-9ae74fa87530;;;0;;;;;;;;;;
290;S;;;;;6670;70008;8;2404;160422688;;;Hotel AN;;;;;;"BEDI ""32BEC1A1-23AE-CEE8-ADD0-1B9BE1B944E0""";;;;;;;;;;;;;;;;;;;;;;;;;;;;;;;;;;;;;;;;;;;;;;;;;;;;;;;;;;;;;;;;;;;;;;;;;;;;;0;;;;0;RE;4baa8fb1-0b54-412b-89ec-75096790bb4d;;;0;;;;;;;;;;
108,99;S;;;;;6670;70008;9;2404;160422688;;;Hotel AN;;;;;;"BEDI ""32BEC1A1-23AE-CEE8-ADD0-1B9BE1B944E0""";;;;;;;;;;;;;;;;;;;;;;;;;;;;;;;;;;;;;;;;;;;;;;;;;;;;;;;;;;;;;;;;;;;;;;;;;;;;;0;;;;0;RE;5ef9d400-6e75-485f-85b1-82495c5d1b47;;;0;;;;;;;;;;
74,67;S;;;;;6470;70009;9;1511;151115-17;;;Instandhaltung Werkstatt;;;;;;"BEDI ""71125E58-30EB-200A-9670-8CEFC1DD6C88""";;;;;;;;;;;;;;;;;;;;;;;;;;;;;;;;;;;;;;;;;;;;;;;;;;;;;;;;;;;;;;;;;;;;;;;;;;;;;0;;;;0;RE;b9d0457c-61b9-4f12-939a-3c706df23be4;;;0;;;;;;;;;;
200,28;S;;;;;6470;70009;9;1711;151117-29;;;Instandhaltung Werkstatt;;;;;;"BEDI ""E8F4A542-133F-B566-9C25-2A4A5AE280B2""";;;;;;;;;;;;;;;;;;;;;;;;;;;;;;;;;;;;;;;;;;;;;;;;;;;;;;;;;;;;;;;;;;;;;;;;;;;;;0;;;;0;RE;6aa2f623-6ae1-4af2-926f-f5f8e7d85d9f;;;0;;;;;;;;;;
95,2;S;;;;;6470;70009;9;1512;151215-39;;;Instandhaltung Werkstatt;;;;;;"BEDI ""2FE11F8E-A6D3-FE55-9C61-F8EF575AA754""";;;;;;;;;;;;;;;;;;;;;;;;;;;;;;;;;;;;;;;;;;;;;;;;;;;;;;;;;;;;;;;;;;;;;;;;;;;;;0;;;;0;RE;f0ce3e4d-f2ab-4d58-8e7d-372bc52f8c2d;;;0;;;;;;;;;;
46,41;S;;;;;6470;70009;9;2012;151220-77;;;Instandhaltung Werkstatt;;;;;;"BEDI ""0904752C-3286-EBFC-1F9A-D10DAED8143E""";;;;;;;;;;;;;;;;;;;;;;;;;;;;;;;;;;;;;;;;;;;;;;;;;;;;;;;;;;;;;;;;;;;;;;;;;;;;;0;;;;0;RE;85814c5e-66db-414d-ae3d-e742a5957222;;;0;;;;;;;;;;
387,58;S;;;;;6470;70009;9;701;160107-03;;;Instandhaltung Werkstatt;;;;;;"BEDI ""AB50B1B5-D98C-9890-B458-6773609ED29B""";;;;;;;;;;;;;;;;;;;;;;;;;;;;;;;;;;;;;;;;;;;;;;;;;;;;;;;;;;;;;;;;;;;;;;;;;;;;;0;;;;0;RE;805c6e3f-377b-4d65-acd5-9da98e7b7925;;;0;;;;;;;;;;
32,29;S;;;;;6470;70009;9;1001;160110-11;;;Instandhaltung Werkstatt;;;;;;"BEDI ""B2EC04E0-6180-13FE-791B-70BE42020725""";;;;;;;;;;;;;;;;;;;;;;;;;;;;;;;;;;;;;;;;;;;;;;;;;;;;;;;;;;;;;;;;;;;;;;;;;;;;;0;;;;0;RE;2e1bde00-699c-47e3-8e50-41b754363595;;;0;;;;;;;;;;
91,19;S;;;;;6470;70009;9;1212;151212-33;;;Instandhaltung Werkstatt;;;;;;"BEDI ""8D873C2D-239C-E86E-343F-63A77585E660""";;;;;;;;;;;;;;;;;;;;;;;;;;;;;;;;;;;;;;;;;;;;;;;;;;;;;;;;;;;;;;;;;;;;;;;;;;;;;0;;;;0;RE;e09e4d20-43b0-4b5a-a8c6-491c85d4dea9;;;0;;;;;;;;;;
25,08;S;;;;;6820;70069;8;1701;RE16-0117-30;;;Bücher;;;;;;"BEDI ""0E3A9FA3-118F-8735-354D-6F48347957BB""";;;;;;;;;;;;;;;;;;;;;;;;;;;;;;;;;;;;;;;;;;;;;;;;;;;;;;;;;;;;;;;;;;;;;;;;;;;;;0;;;;0;RE;5e5675b8-9fb0-4997-8557-8b14e59b55d9;;;0;;;;;;;;;;
48,15;S;;;;;6820;70069;8;3101;RE16-0131-00;;;Bücher;;;;;;"BEDI ""1F323666-8FD0-A87D-6AC2-75EC5F5AB61D""";;;;;;;;;;;;;;;;;;;;;;;;;;;;;;;;;;;;;;;;;;;;;;;;;;;;;;;;;;;;;;;;;;;;;;;;;;;;;0;;;;0;RE;122d30a2-2d29-4d99-a6c1-fa33c092446f;;;0;;;;;;;;;;
208,65;S;;;;;6820;70069;8;102;RE16-0201-09;;;Bücher;;;;;;"BEDI ""5249287C-74FB-A968-D96A-44970A779585""";;;;;;;;;;;;;;;;;;;;;;;;;;;;;;;;;;;;;;;;;;;;;;;;;;;;;;;;;;;;;;;;;;;;;;;;;;;;;0;;;;0;RE;69cc6bc4-3e1b-4aad-8efe-23e7ee222772;;;0;;;;;;;;;;
41,68;S;;;;;6820;70069;8;202;RE16-0202-03;;;Bücher;;;;;;"BEDI ""0C21806C-151C-270C-B78D-0E43414C1166""";;;;;;;;;;;;;;;;;;;;;;;;;;;;;;;;;;;;;;;;;;;;;;;;;;;;;;;;;;;;;;;;;;;;;;;;;;;;;0;;;;0;RE;75296063-2027-40a3-b23e-2c46ddf544f6;;;0;;;;;;;;;;
80,25;S;;;;;6820;70069;8;902;RE16-0209-56;;;Bücher;;;;;;"BEDI ""982A4FD6-A958-CD5C-678E-6EC9CA81F970""";;;;;;;;;;;;;;;;;;;;;;;;;;;;;;;;;;;;;;;;;;;;;;;;;;;;;;;;;;;;;;;;;;;;;;;;;;;;;0;;;;0;RE;f4bc5d51-2a1a-4831-9a40-fe5b2e2de6e7;;;0;;;;;;;;;;
56,37;S;;;;;6820;70069;8;2701;RE16-0127-68;;;Bücher;;;;;;"BEDI ""008FF05F-419B-38C4-DCB0-207ECF5AE72F""";;;;;;;;;;;;;;;;;;;;;;;;;;;;;;;;;;;;;;;;;;;;;;;;;;;;;;;;;;;;;;;;;;;;;;;;;;;;;0;;;;0;RE;632ae49d-13fd-4de6-8fc8-5a319fd8b65b;;;0;;;;;;;;;;
1165,01;S;;;;;5401;70042;;2510;SB01-151025;;;;;;;;;"BEDI ""FF85793D-9EA6-8786-8248-77DEF8AFC56C""";;;;;;;;;;;;;;;;;;;;;;;;;;;;;;;;;;;;;;;;;;;;;;;;;;;;;;;;;;;;;;;;;;;;;;;;;;;;;0;;;;0;RE;83e66cff-d625-46ca-b0b1-96cbf850dc3f;;;0;;;;;;;;;;
1137;S;;;;;5401;70042;;1411;SB01-151114;;;;;;;;;"BEDI ""3FB9AF42-9F9F-4C02-D2AD-34B08B39A4B6""";;;;;;;;;;;;;;;;;;;;;;;;;;;;;;;;;;;;;;;;;;;;;;;;;;;;;;;;;;;;;;;;;;;;;;;;;;;;;0;;;;0;RE;90f0c2f1-ff8d-4b44-93d6-dbadba7fccd7;;;0;;;;;;;;;;
3511,69;S;;;;;5401;70042;;2311;SB01-151123;;;;;;;;;"BEDI ""D7F030D8-BB98-5AE3-8EC7-9B68D012AA4E""";;;;;;;;;;;;;;;;;;;;;;;;;;;;;;;;;;;;;;;;;;;;;;;;;;;;;;;;;;;;;;;;;;;;;;;;;;;;;0;;;;0;RE;58d9e62c-3358-408c-a64f-0c7eadd4e17d;;;0;;;;;;;;;;
1311,38;S;;;;;5401;70042;;2911;SB01-151129;;;;;;;;;"BEDI ""DF065252-982C-08E7-8339-EC9645AAA004""";;;;;;;;;;;;;;;;;;;;;;;;;;;;;;;;;;;;;;;;;;;;;;;;;;;;;;;;;;;;;;;;;;;;;;;;;;;;;0;;;;0;RE;609b03c1-be5f-4d54-a6d3-8cc6d25d18d9;;;0;;;;;;;;;;
1627,92;S;;;;;5401;70042;;912;SB01-151209;;;;;;;;;"BEDI ""DDDAEFE2-8AF4-525C-A455-25F40C9B18B0""";;;;;;;;;;;;;;;;;;;;;;;;;;;;;;;;;;;;;;;;;;;;;;;;;;;;;;;;;;;;;;;;;;;;;;;;;;;;;0;;;;0;RE;73427691-c287-46be-8014-1f714171cdbd;;;0;;;;;;;;;;
746,49;S;;;;;5401;70042;;1010;SB01-151010;;;;;;;;;"BEDI ""8F2233A5-B965-AAF5-A137-D9AF33899F92""";;;;;;;;;;;;;;;;;;;;;;;;;;;;;;;;;;;;;;;;;;;;;;;;;;;;;;;;;;;;;;;;;;;;;;;;;;;;;0;;;;0;RE;58f866e6-bcb1-4138-9ee5-03701f196102;;;0;;;;;;;;;;
561,68;S;;;;;5401;70042;;1911;SB01-151119;;;;;;;;;"BEDI ""ADB97448-291A-456E-01CB-797BE9D65FC2""";;;;;;;;;;;;;;;;;;;;;;;;;;;;;;;;;;;;;;;;;;;;;;;;;;;;;;;;;;;;;;;;;;;;;;;;;;;;;0;;;;0;RE;0f364a31-a83d-4e2a-b4c3-e5c5263fb944;;;0;;;;;;;;;;
725,9;S;;;;;5401;70042;;1510;SB01-151015;;;;;;;;;"BEDI ""AE902E34-5A55-BF10-20A8-B68C6F414A6E""";;;;;;;;;;;;;;;;;;;;;;;;;;;;;;;;;;;;;;;;;;;;;;;;;;;;;;;;;;;;;;;;;;;;;;;;;;;;;0;;;;0;RE;72b0bff9-1866-4589-92c1-dad86e4cac51;;;0;;;;;;;;;;
3553,34;S;;;;;5401;70042;;3110;SB01-151031;;;;;;;;;"BEDI ""2728706F-E0EC-2915-C26F-6DF79C59E570""";;;;;;;;;;;;;;;;;;;;;;;;;;;;;;;;;;;;;;;;;;;;;;;;;;;;;;;;;;;;;;;;;;;;;;;;;;;;;0;;;;0;RE;2ac6884f-51b7-45c9-b2f5-7a7d3d75203f;;;0;;;;;;;;;;
2974,56;S;;;;;5401;70052;;501;BS35-160043;;;;;;;;;"BEDI ""749EEC29-8238-82A2-E896-4812D4EFD794""";;;;;;;;;;;;;;;;;;;;;;;;;;;;;;;;;;;;;;;;;;;;;;;;;;;;;;;;;;;;;;;;;;;;;;;;;;;;;0;;;;0;RE;18ff3e21-fcd9-4532-9f6a-23cdcdc05406;;;0;;;;;;;;;;
2872,84;S;;;;;5401;70052;;1501;BS35-160130;;;;;;;;;"BEDI ""E41EF083-C7C1-97C2-E611-82BD87957FB6""";;;;;;;;;;;;;;;;;;;;;;;;;;;;;;;;;;;;;;;;;;;;;;;;;;;;;;;;;;;;;;;;;;;;;;;;;;;;;0;;;;0;RE;8d49032d-55c6-43a3-9870-9cf811299e4b;;;0;;;;;;;;;;
2385,36;S;;;;;5401;70052;;2601;BS35-160155;;;;;;;;;"BEDI ""D474A5A8-7265-DDAB-3FB8-EE6DFFE9205A""";;;;;;;;;;;;;;;;;;;;;;;;;;;;;;;;;;;;;;;;;;;;;;;;;;;;;;;;;;;;;;;;;;;;;;;;;;;;;0;;;;0;RE;c4ded4bf-f707-4418-b3b8-9209cf446869;;;0;;;;;;;;;;
813,96;S;;;;;5401;70052;;3001;BS35-160301;;;;;;;;;"BEDI ""13DC556D-F021-9D07-BB7D-689A6E111505""";;;;;;;;;;;;;;;;;;;;;;;;;;;;;;;;;;;;;;;;;;;;;;;;;;;;;;;;;;;;;;;;;;;;;;;;;;;;;0;;;;0;RE;11bfe07b-d623-4bf2-8bc2-e3fe343a7c2d;;;0;;;;;;;;;;
808,01;S;;;;;5401;70052;;3101;BS35-160311;;;;;;;;;"BEDI ""D093DAC2-C11C-1EC2-FD02-F1C6D58F150D""";;;;;;;;;;;;;;;;;;;;;;;;;;;;;;;;;;;;;;;;;;;;;;;;;;;;;;;;;;;;;;;;;;;;;;;;;;;;;0;;;;0;RE;bf9cea33-da10-49a4-b429-66641c558bd0;;;0;;;;;;;;;;
1654,1;S;;;;;5401;70052;;502;BS35-160399;;;;;;;;;"BEDI ""5E5587CA-FB56-180E-AFF0-C218F0ABBF57""";;;;;;;;;;;;;;;;;;;;;;;;;;;;;;;;;;;;;;;;;;;;;;;;;;;;;;;;;;;;;;;;;;;;;;;;;;;;;0;;;;0;RE;fd7a003e-d181-4d26-ad1c-549bbac9a397;;;0;;;;;;;;;;
1983,73;S;;;;;5401;70052;;2001;BS35-160144;;;;;;;;;"BEDI ""B2D71E94-0FA7-FDA8-603D-223A425F0C06""";;;;;;;;;;;;;;;;;;;;;;;;;;;;;;;;;;;;;;;;;;;;;;;;;;;;;;;;;;;;;;;;;;;;;;;;;;;;;0;;;;0;RE;2c7d89b2-ab08-479c-af8d-3feb884deaf4;;;0;;;;;;;;;;
223;S;;;;;5200;70065;;1501;rS0320160115;;;;;;;;;"BEDI ""B0A29D24-7C8B-514D-1F67-341E4B953D9D""";;;;;;;;;;;;;;;;;;;;;;;;;;;;;;;;;;;;;;;;;;;;;;;;;;;;;;;;;;;;;;;;;;;;;;;;;;;;;0;;;;0;RE;81e8572a-e12b-4e52-bdb8-8d775f603a30;;;0;;;;;;;;;;
241;S;;;;;5200;70065;;102;rS0320160201;;;;;;;;;"BEDI ""590ED2AD-C3B3-D20E-417C-08FF2AED7073""";;;;;;;;;;;;;;;;;;;;;;;;;;;;;;;;;;;;;;;;;;;;;;;;;;;;;;;;;;;;;;;;;;;;;;;;;;;;;0;;;;0;RE;4d489090-531e-4ff0-8aea-f832542f834c;;;0;;;;;;;;;;
132;S;;;;;5200;70065;;1002;rS0320160210;;;;;;;;;"BEDI ""63E92673-55D0-45ED-5DF2-CCB400E702D2""";;;;;;;;;;;;;;;;;;;;;;;;;;;;;;;;;;;;;;;;;;;;;;;;;;;;;;;;;;;;;;;;;;;;;;;;;;;;;0;;;;0;RE;6c8413d1-4849-43b7-9884-5e031253e71e;;;0;;;;;;;;;;
13878,55;S;;;;;6450;70004;9;601;FI2016010603;;;Instandhaltung Werkstatt;;;;;;"BEDI ""8CB46316-9A65-A016-D5FD-0DCAC06ECF0F""";;;;;;;;;;;;;;;;;;;;;;;;;;;;;;;;;;;;;;;;;;;;;;;;;;;;;;;;;;;;;;;;;;;;;;;;;;;;;0;;;;0;RE;aba432d4-86f8-4506-89a5-1a051130862d;;;0;;;;;;;;;;
27312,46;S;;;;;6450;70004;9;1001;FI2016011011;;;Instandhaltung Werkstatt;;;;;;"BEDI ""4F5B7269-B58B-F9F9-58C0-C86F6203C194""";;;;;;;;;;;;;;;;;;;;;;;;;;;;;;;;;;;;;;;;;;;;;;;;;;;;;;;;;;;;;;;;;;;;;;;;;;;;;0;;;;0;RE;33e91320-768a-42a6-8b18-75729893f268;;;0;;;;;;;;;;
25592,68;S;;;;;6450;70004;9;1401;FI2016011402;;;Instandhaltung Werkstatt;;;;;;"BEDI ""98642D0D-5352-BBE5-5190-048EB6EC5BE8""";;;;;;;;;;;;;;;;;;;;;;;;;;;;;;;;;;;;;;;;;;;;;;;;;;;;;;;;;;;;;;;;;;;;;;;;;;;;;0;;;;0;RE;d5145f4d-0df8-4737-9fd7-47684d0d3c2b;;;0;;;;;;;;;;
18730,29;S;;;;;6450;70004;9;2201;FI2016012205;;;Instandhaltung Werkstatt;;;;;;"BEDI ""B38F1E76-7E11-CF9D-4895-FD817B7DF004""";;;;;;;;;;;;;;;;;;;;;;;;;;;;;;;;;;;;;;;;;;;;;;;;;;;;;;;;;;;;;;;;;;;;;;;;;;;;;0;;;;0;RE;425a76fb-41b8-46c2-a4f9-7c7875b53c93;;;0;;;;;;;;;;
14663,94;S;;;;;6450;70004;9;302;FI2016020308;;;Instandhaltung Werkstatt;;;;;;"BEDI ""1419918C-76C5-6155-64C0-4198BED278D5""";;;;;;;;;;;;;;;;;;;;;;;;;;;;;;;;;;;;;;;;;;;;;;;;;;;;;;;;;;;;;;;;;;;;;;;;;;;;;0;;;;0;RE;d26076f4-2233-4ccc-b27c-eda5db629587;;;0;;;;;;;;;;
20297,27;S;;;;;6450;70004;9;502;FI2016020505;;;Instandhaltung Werkstatt;;;;;;"BEDI ""6637FF4A-1472-982C-162C-CCF927138EA8""";;;;;;;;;;;;;;;;;;;;;;;;;;;;;;;;;;;;;;;;;;;;;;;;;;;;;;;;;;;;;;;;;;;;;;;;;;;;;0;;;;0;RE;ceab571e-96cb-4517-8d7e-219ccb67b1f0;;;0;;;;;;;;;;
11678,39;S;;;;;6450;70004;9;502;FI2016020506;;;Instandhaltung Werkstatt;;;;;;"BEDI ""4649A8F4-E777-3A06-DBAA-1B1AEB7A856F""";;;;;;;;;;;;;;;;;;;;;;;;;;;;;;;;;;;;;;;;;;;;;;;;;;;;;;;;;;;;;;;;;;;;;;;;;;;;;0;;;;0;RE;21d65496-9b75-4044-82f9-c40d7fbb95c8;;;0;;;;;;;;;;
7674,75;S;;;;;6450;70004;9;1502;FI2016021501;;;Instandhaltung Werkstatt;;;;;;"BEDI ""2CEFDC59-78BD-DFAE-98FC-B57D3AD4C193""";;;;;;;;;;;;;;;;;;;;;;;;;;;;;;;;;;;;;;;;;;;;;;;;;;;;;;;;;;;;;;;;;;;;;;;;;;;;;0;;;;0;RE;482bcc10-5c7e-4558-bc1f-9078c5a06cb5;;;0;;;;;;;;;;
4871,6;S;;;;;6450;70004;9;1601;FI2016011616;;;Instandhaltung Werkstatt;;;;;;"BEDI ""F137870C-FCB2-C09D-5FC1-377AD56412DC""";;;;;;;;;;;;;;;;;;;;;;;;;;;;;;;;;;;;;;;;;;;;;;;;;;;;;;;;;;;;;;;;;;;;;;;;;;;;;0;;;;0;RE;043e75d1-8606-49e0-8335-b34c34ebfcff;;;0;;;;;;;;;;
4131,68;S;;;;;5400;70086;;2502;160225721;;;;;;;;;"BEDI ""889C7FA3-783E-7511-4A70-8A0DA6D94371""";;;;;;;;;;;;;;;;;;;;;;;;;;;;;;;;;;;;;;;;;;;;;;;;;;;;;;;;;;;;;;;;;;;;;;;;;;;;;0;;;;0;RE;db490107-924d-4197-bde2-a17a3a59194a;;;0;;;;;;;;;;
3079,72;S;;;;;5400;70086;;2802;160228001;;;;;;;;;"BEDI ""B202F022-56C0-0B39-D984-5E3403D8FE4E""";;;;;;;;;;;;;;;;;;;;;;;;;;;;;;;;;;;;;;;;;;;;;;;;;;;;;;;;;;;;;;;;;;;;;;;;;;;;;0;;;;0;RE;b1c15c72-2a29-4d22-b227-e6ff99b67997;;;0;;;;;;;;;;
5015,85;S;;;;;5400;70086;;2902;160229010;;;;;;;;;"BEDI ""4A096150-2CBB-67E5-8829-D682EEC5E18D""";;;;;;;;;;;;;;;;;;;;;;;;;;;;;;;;;;;;;;;;;;;;;;;;;;;;;;;;;;;;;;;;;;;;;;;;;;;;;0;;;;0;RE;9d709d53-2f7c-42fd-86b0-8b323dfc174b;;;0;;;;;;;;;;
407;S;;;;;5400;70076;;2301;16012305;;;;;;;;;"BEDI ""9C5A256D-A605-4638-3AB5-7AFCAE4A5E77""";;;;;;;;;;;;;;;;;;;;;;;;;;;;;;;;;;;;;;;;;;;;;;;;;;;;;;;;;;;;;;;;;;;;;;;;;;;;;0;;;;0;RE;02e89f0c-3bcc-497a-8865-762e80a38188;;;0;;;;;;;;;;
531;S;;;;;5400;70076;;302;16020302;;;;;;;;;"BEDI ""6D0C402D-4C9C-C286-016A-53DF5482C776""";;;;;;;;;;;;;;;;;;;;;;;;;;;;;;;;;;;;;;;;;;;;;;;;;;;;;;;;;;;;;;;;;;;;;;;;;;;;;0;;;;0;RE;925a0213-957e-45a3-9f89-722837e99b02;;;0;;;;;;;;;;
1171,88;S;;;;;5400;70076;;3001;16013000;;;;;;;;;"BEDI ""36815170-3574-158E-84C4-0832C953C1E1""";;;;;;;;;;;;;;;;;;;;;;;;;;;;;;;;;;;;;;;;;;;;;;;;;;;;;;;;;;;;;;;;;;;;;;;;;;;;;0;;;;0;RE;cb0a8bb6-9d70-468d-a95a-e2c7446cbb88;;;0;;;;;;;;;;
533,93;S;;;;;5400;70005;;103;16616030103;;;Kfz-Steuer;;;;;;"BEDI ""75CA1D48-2888-E90C-6E3A-FE213B1310D5""";;;;;;;;;;;;;;;;;;;;;;;;;;;;;;;;;;;;;;;;;;;;;;;;;;;;;;;;;;;;;;;;;;;;;;;;;;;;;0;;;;0;RE;78505908-08ee-4c28-9cbc-ec72dfa6250f;;;0;;;;;;;;;;
1140,16;S;;;;;5400;70005;;1003;16616031012;;;Kfz-Steuer;;;;;;"BEDI ""52054160-DE3D-8877-9975-3A9E91D5F2F0""";;;;;;;;;;;;;;;;;;;;;;;;;;;;;;;;;;;;;;;;;;;;;;;;;;;;;;;;;;;;;;;;;;;;;;;;;;;;;0;;;;0;RE;4bc98735-6f35-4486-8209-896a3becbd57;;;0;;;;;;;;;;
2557,76;S;;;;;5400;70005;;2803;16616032801;;;Kfz-Steuer;;;;;;"BEDI ""1E0EC4C0-3698-7B87-8BFA-D4211C04E313""";;;;;;;;;;;;;;;;;;;;;;;;;;;;;;;;;;;;;;;;;;;;;;;;;;;;;;;;;;;;;;;;;;;;;;;;;;;;;0;;;;0;RE;6a7e22d2-6987-46ea-b902-e590468ec34f;;;0;;;;;;;;;;
1568,18;S;;;;;5400;70005;;704;16616040704;;;Kfz-Steuer;;;;;;"BEDI ""8A993C9D-FC98-5EF4-F7BC-55D6A839D887""";;;;;;;;;;;;;;;;;;;;;;;;;;;;;;;;;;;;;;;;;;;;;;;;;;;;;;;;;;;;;;;;;;;;;;;;;;;;;0;;;;0;RE;fd02f8db-5d07-4489-8136-ebb116514e03;;;0;;;;;;;;;;
1664,91;S;;;;;5400;70005;;1104;16616041100;;;Kfz-Steuer;;;;;;"BEDI ""338FC400-02EA-B412-9F4B-E10570A1DE28""";;;;;;;;;;;;;;;;;;;;;;;;;;;;;;;;;;;;;;;;;;;;;;;;;;;;;;;;;;;;;;;;;;;;;;;;;;;;;0;;;;0;RE;23650e00-4fdc-499a-b6c7-a195391b9334;;;0;;;;;;;;;;
3700,01;S;;;;;5400;70005;;2204;16616042207;;;Kfz-Steuer;;;;;;"BEDI ""74BEB36F-17A5-0040-1154-166902157627""";;;;;;;;;;;;;;;;;;;;;;;;;;;;;;;;;;;;;;;;;;;;;;;;;;;;;;;;;;;;;;;;;;;;;;;;;;;;;0;;;;0;RE;a921bcb5-cbbe-4e55-9dde-93daf191c476;;;0;;;;;;;;;;
5103,32;S;;;;;5400;70005;;105;16616050105;;;Kfz-Steuer;;;;;;"BEDI ""5F9F03FA-C20F-B61C-63C7-C937A232AE49""";;;;;;;;;;;;;;;;;;;;;;;;;;;;;;;;;;;;;;;;;;;;;;;;;;;;;;;;;;;;;;;;;;;;;;;;;;;;;0;;;;0;RE;1285eea0-a75a-4ce1-91c9-fe42ba4fb878;;;0;;;;;;;;;;
963,59;S;;;;;5400;70005;;505;16616050501;;;Kfz-Steuer;;;;;;"BEDI ""A35AACC1-E83C-9561-2DEA-D0990B8AA625""";;;;;;;;;;;;;;;;;;;;;;;;;;;;;;;;;;;;;;;;;;;;;;;;;;;;;;;;;;;;;;;;;;;;;;;;;;;;;0;;;;0;RE;7ff1f9df-1e58-4642-8706-3fd34531824e;;;0;;;;;;;;;;
686,89;S;;;;;5400;70005;;2403;16616032409;;;Kfz-Steuer;;;;;;"BEDI ""B953E443-4657-5509-8193-E408C4FBFC68""";;;;;;;;;;;;;;;;;;;;;;;;;;;;;;;;;;;;;;;;;;;;;;;;;;;;;;;;;;;;;;;;;;;;;;;;;;;;;0;;;;0;RE;36758cfa-f8f6-4e7b-b55b-6ec499097715;;;0;;;;;;;;;;
200;S;;;;;6821;70088;;2201;2016FEBWEK04;;;Fortbildung;;;;;;"BEDI ""CC4CF9F2-4283-F390-2981-B8D2B30C7306""";;;;;;;;;;;;;;;;;;;;;;;;;;;;;;;;;;;;;;;;;;;;;;;;;;;;;;;;;;;;;;;;;;;;;;;;;;;;;0;;;;0;RE;9d3190bb-f438-44d3-a80d-24c0d8a81ea5;;;0;;;;;;;;;;
95;S;;;;;6821;70088;;602;2016MARWEK06;;;;;;;;;"BEDI ""45566BAC-C3A5-7722-1AAF-F3136D321902""";;;;;;;;;;;;;;;;;;;;;;;;;;;;;;;;;;;;;;;;;;;;;;;;;;;;;;;;;;;;;;;;;;;;;;;;;;;;;0;;;;0;RE;fde0f46d-d1ef-446d-b925-3bf0729fd583;;;0;;;;;;;;;;
30;S;;;;;6821;70088;;1803;2016MARFRE12;;;;;;;;;"BEDI ""185B3645-E0D8-1393-8492-6F8472687FBF""";;;;;;;;;;;;;;;;;;;;;;;;;;;;;;;;;;;;;;;;;;;;;;;;;;;;;;;;;;;;;;;;;;;;;;;;;;;;;0;;;;0;RE;33e2c8e5-da6e-423c-9c13-38ab883bfe54;;;0;;;;;;;;;;
550;S;;;;;6821;70088;;2102;2016MARWEK07;;;;;;;;;"BEDI ""B38F9919-1D9F-D847-511D-84A4A3CDA5D9""";;;;;;;;;;;;;;;;;;;;;;;;;;;;;;;;;;;;;;;;;;;;;;;;;;;;;;;;;;;;;;;;;;;;;;;;;;;;;0;;;;0;RE;370c71f9-0be2-42a3-b317-2b542f337d3a;;;0;;;;;;;;;;
